,"It [480, 2]"
0,-107.53889
1,-29.991615
2,-19.011236
3,-103.8195
4,-31.432161
5,-32.642994
6,-121.11143
7,-120.089294
8,-118.93742
9,-32.548943
10,-29.096615
11,-23.727385
12,-23.52158
13,-121.965996
14,-22.303669
15,-105.1714
16,-105.804886
17,-18.29543
18,-15.271616
19,-24.130188
20,-23.063404
21,-106.105736
22,-103.374504
23,-14.563314
24,-19.600163
25,-28.748951
26,-15.862044
27,-95.754845
28,-101.95887
29,-23.975752
30,-101.51174
31,-15.86483
32,-19.585949
33,-106.22292
34,-17.458551
35,-19.643381
36,-17.201406
37,-17.712122
38,-20.6777
39,-106.52086
40,-109.71932
41,-21.807402
42,-99.82063
43,-104.32996
44,-22.435463
45,-101.22212
46,-18.824
47,-23.0275
48,-17.901165
49,-21.743944
50,-22.201838
51,-16.874617
52,-14.7087555
53,-23.891422
54,-108.67853
55,-106.723785
56,-14.207964
57,-19.139908
58,-102.95626
59,-101.28457
60,-98.745415
61,-18.008512
62,-107.622055
63,-19.170078
64,-27.164364
65,-6.848731
66,-101.5517
67,-99.38168
68,-103.12089
69,-109.12676
70,-109.62157
71,-17.820377
72,-19.992838
73,-103.00439
74,-98.13622
75,-107.683655
76,-10.832335
77,-15.345815
78,-104.52276
79,-13.73971
80,-99.65838
81,-100.969604
82,-101.03289
83,-96.99228
84,-103.34408
85,-104.9494
86,-107.94519
87,-103.146194
88,-113.06994
89,-23.856516
90,-19.166992
91,-107.86777
92,-13.45236
93,-120.612946
94,-111.66572
95,-110.24944
96,-100.91117
97,-102.96768
98,-111.44028
99,-17.91179
100,-23.25571
101,-109.05533
102,-20.489014
103,-19.175182
104,-99.52171
105,-100.57772
106,-104.26152
107,-102.477516
108,-25.50415
109,-101.11078
110,-115.490265
111,-33.34288
112,-27.416153
113,-105.854
114,-106.37805
115,-27.566433
116,-108.91437
117,-103.64742
118,-105.772446
119,-103.335655
120,-101.73559
121,-24.52755
122,-100.654945
123,-42.41102
124,-40.55508
125,-32.169037
126,-100.551025
127,-113.43532
128,-98.475
129,-105.066376
130,-100.95296
131,-35.506832
132,-39.725212
133,-28.696583
134,-142.01233
135,-37.568855
136,-104.00865
137,-19.302298
138,-98.960846
139,-16.519312
140,-102.91605
141,-18.073366
142,-121.71254
143,-104.21921
144,-102.54868
145,-103.13813
146,-99.758415
147,-18.866756
148,-100.1638
149,-101.014114
150,-102.03827
151,-25.920126
152,-22.06322
153,-25.263353
154,-28.821201
155,-34.5161
156,-36.16897
157,-36.439243
158,-35.808483
159,-35.657646
160,-104.32797
161,-36.22055
162,-46.332584
163,-35.75274
164,-35.697186
165,-107.660965
166,-29.577217
167,-101.920906
168,-95.84705
169,-101.12492
170,-101.35098
171,-103.75016
172,-92.78785
173,-101.82558
174,-7.2593846
175,-96.12265
176,-19.226427
177,-13.961366
178,-96.78966
179,-101.068855
180,-100.85872
181,-103.8082
182,-100.3175
183,-105.67659
184,-100.2417
185,-102.1983
186,-102.65344
187,-101.354675
188,-97.74542
189,-102.32889
190,-100.39921
191,-101.63928
192,-104.39917
193,-99.36836
194,-106.55929
195,-99.31111
196,-95.173996
197,-28.812157
198,-108.251884
199,-101.89058
200,-99.216934
201,-102.53807
202,-99.18332
203,-114.987724
204,-99.31827
205,-102.375244
206,-99.14277
207,-30.156155
208,-32.415497
209,-24.30308
210,-23.448177
211,-23.210686
212,-104.3821
213,-100.45225
214,-104.06616
215,-103.81328
216,-100.95029
217,-102.98418
218,-104.867165
219,-34.082447
220,-99.65999
221,-104.10239
222,-107.04413
223,-98.60652
224,-105.30645
225,-97.10225
226,-20.371452
227,-100.93039
228,-101.098724
229,-111.21691
230,-103.22737
231,-101.83863
232,-97.76487
233,-102.22212
234,-103.92052
235,-105.24096
236,-102.4319
237,-106.48925
238,-15.506719
239,-98.17872
240,-101.94901
241,-30.379887
242,-105.065285
243,-106.85949
244,-104.29242
245,-33.356194
246,-108.57364
247,-22.538258
248,-97.96391
249,-102.20014
250,-102.787415
251,-105.30492
252,-101.33699
253,-101.807205
254,-99.73992
255,-101.30956
256,-28.807844
257,-105.208755
258,-102.55412
259,-21.582071
260,-22.34367
261,-17.76335
262,-99.23846
263,-101.81756
264,-103.81369
265,-102.85101
266,-28.260616
267,-37.625713
268,-101.68141
269,-114.307655
270,-114.96757
271,-112.688095
272,-121.26624
273,-110.31398
274,-103.444855
275,-101.14064
276,-93.375565
277,-90.77412
278,-96.056
279,-100.82104
280,-131.21124
281,-99.51769
282,-99.41562
283,-125.3664
284,-27.897732
285,-35.812386
286,-101.57642
287,-105.94068
288,-99.379654
289,-105.839096
290,-104.266945
291,-103.578064
292,-101.64134
293,-98.684715
294,-103.0746
295,-101.704926
296,-99.26662
297,-92.58183
298,-100.59744
299,-101.07818
300,-104.85939
301,-19.043583
302,-108.01259
303,-103.81198
304,-99.33651
305,-99.179375
306,-103.47343
307,-97.67112
308,-94.36977
309,-123.25812
310,-24.113409
311,-102.114334
312,-99.97927
313,-108.80697
314,-114.272125
315,-102.95168
316,-120.7838
317,-128.06067
318,-104.88085
319,-104.09751
320,-102.72285
321,-103.64775
322,-99.065765
323,-30.080297
324,-21.029192
325,-29.32791
326,-18.600128
327,-21.555542
328,-94.700455
329,-95.145325
330,-23.526197
331,-107.01428
332,-103.43208
333,-100.1561
334,-103.20749
335,-101.48512
336,-94.31814
337,-100.49637
338,-102.62124
339,-101.99904
340,-102.4574
341,-106.33557
342,-108.149216
343,-97.05575
344,-101.83031
345,-103.93531
346,-103.65809
347,-102.26259
348,-107.12214
349,-107.27593
350,-112.11884
351,-111.39894
352,-109.631516
353,-115.86039
354,-110.93277
355,-33.43138
356,-20.08063
357,-106.956894
358,-107.492294
359,-108.31952
360,-113.87458
361,-119.76442
362,-109.59977
363,-108.07139
364,-105.67291
365,-101.37139
366,-98.16535
367,-105.40394
368,-108.440895
369,-95.893425
370,-101.76694
371,-105.62069
372,-110.37157
373,-121.7521
374,-110.8708
375,-112.47849
376,-113.94762
377,-115.64422
378,-109.81523
379,-118.36313
380,-109.06067
381,-110.21777
382,-119.91069
383,-127.34388
384,-145.63237
385,-121.16347
386,-112.24131
387,-103.174576
388,-102.20778
389,-113.62075
390,-103.30365
391,-98.76737
392,-111.38933
393,-111.71035
394,-109.47943
395,-110.98201
396,-113.88116
397,-98.97986
398,-119.910355
399,-105.239876
400,-110.419365
401,-101.106026
402,-100.737206
403,-96.015686
404,-96.28897
405,-91.31534
406,-106.83713
407,-112.33837
408,-112.08664
409,-131.83205
410,-102.177666
411,-99.071495
412,-98.83316
413,-111.04785
414,-111.51679
415,-101.10349
416,-99.79908
417,-110.14405
418,-109.15203
419,-113.854195
420,-108.802
421,-101.608765
422,-108.256775
423,-110.46556
424,-100.3209
425,-98.44476
426,-107.95205
427,-96.92077
428,-98.4876
429,5.3562584
430,-103.12616
431,-109.59809
432,-117.59317
433,-122.54524
434,-121.59697
435,-103.414696
436,-107.19137
437,-100.81902
438,-105.375114
439,-107.0428
440,-91.4745
441,-19.246931
442,-20.895746
443,-20.374018
444,-97.41864
445,-9.200622
446,-18.05833
447,-100.75094
448,-100.22869
449,-99.07507
450,-109.87519
451,-100.84595
452,-102.27505
453,-110.34545
454,-108.315926
455,-106.32169
456,-110.95475
457,-109.82427
458,-112.34095
459,-112.99644
460,-107.35892
461,-109.09457
462,-112.81846
463,-101.94575
464,-101.012924
465,-102.583
466,-101.93375
467,-101.25022
468,-100.37005
469,-101.19697
470,-101.58125
471,-99.07019
472,-101.80367
473,-106.95065
474,-107.220215
475,-23.974554
476,-107.79516
477,-104.60763
478,-106.24353
479,-109.47927
480,-107.3277
481,-101.902885
482,-104.09178
483,-107.42203
484,-109.72026
485,-112.08822
486,-105.15097
487,-104.99774
488,-101.92876
489,-104.62719
490,-105.92015
491,-98.99041
492,-126.306335
493,-98.88913
494,-108.9386
495,-104.56793
496,-114.22815
497,-111.44994
498,-108.87587
499,-105.61544
500,-103.36061
501,-104.328186
502,-94.77169
503,-99.57923
504,-100.85748
505,-103.88671
506,-99.428764
507,-98.677055
508,-100.42428
509,-98.66757
510,-99.199234
511,-6.7701387
512,-10.429561
513,-102.71357
514,-102.173294
515,-101.38843
516,-101.50088
517,-103.864586
518,-108.657616
519,-103.310394
520,-102.38502
521,-103.85639
522,-104.38485
523,1.732826
524,-107.88896
525,-101.74662
526,-100.645485
527,-108.25227
528,-109.660255
529,-109.19449
530,-113.48616
531,-104.25279
532,-108.330315
533,-107.93252
534,-106.57617
535,-108.1291
536,-105.70531
537,-114.44918
538,-101.989876
539,-98.127205
540,-105.01377
541,-106.72649
542,-94.112686
543,-107.639565
544,-102.46746
545,-111.06256
546,-114.38488
547,-106.111916
548,-109.38809
549,-112.553566
550,-105.949844
551,-102.832886
552,-103.42097
553,-98.48829
554,-103.5699
555,-111.79989
556,-114.33856
557,-120.02344
558,-105.349
559,-109.834
560,-107.17308
561,-101.928635
562,-107.30539
563,-110.95326
564,-17.838133
565,-13.930356
566,-113.937164
567,-36.385857
568,-115.34366
569,-9.839758
570,-112.827995
571,-103.70534
572,-120.14363
573,-101.18257
574,-117.48037
575,-98.29631
576,-18.197098
577,-47.078644
578,-11.788685
579,-98.30294
580,-98.664276
581,-102.544685
582,-105.70326
583,-11.332625
584,-108.20538
585,-104.87154
586,-102.33948
587,-90.485176
588,4.829242
589,12.825265
590,-101.99693
591,-100.751564
592,-101.09953
593,-67.17141
594,-101.70611
595,-107.845505
596,-10.498011
597,-101.35754
598,-108.48137
599,-132.90839
600,-38.753094
601,-101.873
602,-112.61419
603,-110.67591
604,-19.007597
605,-110.204636
606,-99.900986
607,-110.77433
608,-106.0028
609,-101.16834
610,-106.99667
611,-100.10912
612,-106.56004
613,-107.43454
614,-108.91294
615,-109.49922
616,-98.517784
617,-123.886
618,-106.22513
619,-83.18654
620,-93.325356
621,-106.68521
622,24.822298
623,-80.21602
624,-102.367874
625,-100.19269
626,-101.03983
627,-112.34917
628,-103.786545
629,-100.29081
630,-108.65633
631,-110.474236
632,-113.22883
633,-102.52377
634,-108.12219
635,-112.11851
636,-90.95461
637,-98.622406
638,-103.014206
639,-108.42461
640,-105.65594
641,19.408653
642,-107.63332
643,-106.719475
644,-107.10431
645,-107.181206
646,-105.925735
647,-107.83219
648,-104.41774
649,-94.02352
650,-124.27093
651,-114.52882
652,-106.87992
653,-107.09268
654,-106.45378
655,-106.60615
656,-105.77466
657,-106.5955
658,-12.459544
659,-105.22641
660,-101.21546
661,-104.50697
662,-105.658745
663,-107.84718
664,-103.305
665,-102.93906
666,3.606031
667,3.972594
668,-1.023212
669,-3.0180426
670,19.579723
671,-95.60117
672,-101.23878
673,-106.97345
674,-103.627106
675,-110.2998
676,-105.40976
677,-108.691666
678,-109.29976
679,-105.004715
680,-97.080795
681,-104.329895
682,1.3112849
683,-6.8521724
684,-100.35368
685,-2.1597981
686,-100.45005
687,32.140118
688,38.58999
689,33.054573
690,-100.80645
691,-102.03248
692,-92.092705
693,-89.240234
694,-105.635345
695,-108.45427
696,-97.61779
697,-98.25417
698,-97.62815
699,-96.961334
700,-110.68359
701,-91.31821
702,-96.581215
703,-103.39178
704,-92.21435
705,-85.6882
706,-99.05228
707,-91.25872
708,-90.087296
709,-58.273952
710,-71.02055
711,-92.38296
712,-90.49585
713,-90.63744
714,-87.13686
715,-92.27021
716,-104.446045
717,-81.909195
718,14.785919
719,-88.352745
720,-101.65915
721,-101.717735
722,-95.320564
723,-104.93559
724,-108.91048
725,-102.6047
726,-102.18396
727,-108.01008
728,-118.430916
729,-138.40866
730,-139.02487
731,-121.0995
732,-126.52197
733,-118.96552
734,-111.77736
735,-126.16818
736,-128.22647
737,-97.74883
738,-95.00498
739,-99.059784
740,-94.60349
741,-97.61763
742,-104.55455
743,-105.634964
744,-101.89051
745,-73.757095
746,-81.72596
747,-104.771866
748,-78.18523
749,-86.12407
750,-90.535736
751,-119.60962
752,-120.70507
753,-116.11754
754,-86.14729
755,-80.0227
756,-92.4418
757,-95.46761
758,-59.02152
759,-85.36632
760,-86.90492
761,-74.171875
762,-79.75021
763,-96.40349
764,-108.26638
765,-106.08698
766,-106.20636
767,-110.62209
768,-100.06119
769,-96.43521
770,-105.389275
771,64.45086
772,-82.71553
773,-103.94552
774,-101.085304
775,-136.05516
776,-105.71283
777,-119.556305
778,-96.8447
779,-81.09739
780,-101.44371
781,-96.33467
782,-71.38736
783,-82.33216
784,-54.12672
785,-91.57826
786,-91.32913
787,-85.46352
788,-95.44095
789,-105.827545
790,-98.95228
791,-92.33225
792,69.11827
793,12.93671
794,36.687614
795,-108.821144
796,-102.489914
797,-101.40935
798,46.713818
799,-80.07982
800,-89.895485
801,13.784593
802,-92.900185
803,0.4283809
804,-10.101751
805,-94.687546
806,-101.79693
807,-102.50396
808,-105.89188
809,14.564072
810,-3.6785243
811,10.0823
812,21.757362
813,46.08476
814,-84.209595
815,-88.28932
816,-79.69476
817,-87.24958
818,-43.245895
819,-41.416912
820,23.963167
821,28.092543
822,21.620361
823,11.647187
824,3.498436
825,-5.0704327
826,3.2274609
827,7.9596357
828,13.214084
829,18.40549
830,25.336287
831,-92.67349
832,-92.475555
833,-98.50891
834,-86.4415
835,-76.0276
836,-65.75157
837,-95.19591
838,-78.15852
839,38.17898
840,42.648064
841,37.649384
842,29.356073
843,14.283719
844,-6.5642104
845,-3.317555
846,7.401392
847,-83.74866
848,-93.45539
849,-99.85488
850,-105.56414
851,-105.54987
852,-104.076225
853,-107.780815
854,29.205374
855,25.53089
856,27.823027
857,20.836668
858,18.751997
859,17.068834
860,24.315254
861,32.55901
862,51.403687
863,-94.8774
864,-80.89703
865,-83.767265
866,-101.30697
867,2.7299001
868,-85.5456
869,-97.17979
870,-100.61185
871,-103.55565
872,-8.532076
873,-87.11368
874,-79.76815
875,39.94749
876,-101.782585
877,36.142143
878,-91.13687
879,-97.604805
880,-100.095795
881,-104.17662
882,-103.34385
883,-127.03781
884,-73.78392
885,-113.555824
886,-95.735054
887,64.18962
888,-93.47344
889,-83.11381
890,-88.7459
891,-83.62303
892,-35.20166
893,78.951645
894,-96.611664
895,-95.74876
896,-110.20848
897,-107.40376
898,-109.77624
899,-104.085625
900,-115.27107
901,-114.4864
902,-102.94781
903,-120.67322
904,23.781935
905,30.74303
906,35.76005
907,16.142334
908,25.166788
909,32.585934
910,-93.79163
911,-80.16414
912,55.52278
913,50.90013
914,43.098335
915,37.151913
916,36.373726
917,-107.33238
918,-115.93129
919,-127.819305
920,-110.98009
921,-123.72777
922,-131.05786
923,-128.06934
924,-120.29162
925,-35.002327
926,-39.180115
927,-35.069614
928,-35.012833
929,-37.246845
930,-100.97923
931,-101.16469
932,-118.99125
933,-102.23292
934,-110.89118
935,-37.153275
936,-39.8941
937,-35.255165
938,-36.560616
939,-33.6615
940,-29.764805
941,-33.52067
942,-19.0592
943,-127.71972
944,-124.13371
945,-124.08748
946,-119.35117
947,-117.65869
948,-37.889244
949,-40.84714
950,-107.39293
951,56.72797
952,-58.417492
953,-35.928925
954,-91.29551
955,74.74434
956,-30.59707
957,-38.76516
958,-33.82092
959,-114.1799
960,-123.11965
961,-123.91679
962,-123.47129
963,-123.77969
964,-126.86277
965,-101.32562
966,-107.13611
967,-74.29531
968,-136.60979
969,-133.81686
970,-125.54765
971,-125.58125
972,-129.28775
973,-103.34683
974,-80.96605
975,-77.32854
976,40.91927
977,24.538368
978,27.648508
979,42.72056
980,-96.78914
981,-127.71945
982,-129.90724
983,-127.16965
984,-131.4301
985,-108.53707
986,-97.92969
987,-68.33098
988,-122.509445
989,-124.138374
990,-121.773575
991,-116.43956
992,-114.80727
993,-114.14412
994,-119.46225
995,-115.408356
996,-118.374596
997,-126.97119
998,-115.446144
999,-114.898315
1000,-124.82912
1001,-118.6277
1002,-121.28329
1003,-116.87503
1004,-123.32536
1005,-122.2832
1006,-130.78745
1007,-131.31538
1008,-9.057337
1009,-90.07141
1010,-100.86895
1011,-113.8113
1012,-133.50607
1013,-129.1734
1014,-132.52199
1015,-96.0499
1016,-89.025604
1017,-90.48944
1018,43.91013
1019,36.55086
1020,-84.83257
1021,-103.30272
1022,-43.721962
1023,-46.09812
1024,-45.93167
1025,-43.625717
1026,-42.910316
1027,-112.11883
1028,-106.888985
1029,-94.902916
1030,-123.93093
1031,-127.11718
1032,-74.634445
1033,-97.905136
1034,-97.8405
1035,-97.07068
1036,-96.79515
1037,-96.8122
1038,-69.86125
1039,-103.73009
1040,37.501713
1041,-78.57456
1042,-101.95497
1043,54.70139
1044,39.35316
1045,41.953262
1046,-62.451378
1047,-45.338078
1048,-44.808933
1049,-105.49075
1050,-88.5896
1051,-101.332
1052,-90.58989
1053,-105.124344
1054,-105.321915
1055,-88.33211
1056,-91.462776
1057,-90.53676
1058,-129.95633
1059,34.718037
1060,-106.11579
1061,54.627327
1062,65.687035
1063,62.193756
1064,-120.56825
1065,51.221725
1066,52.66496
1067,-139.6565
1068,-125.264755
1069,-128.86273
1070,-123.99077
1071,-115.81603
1072,-67.63153
1073,-125.82563
1074,37.274857
1075,29.923658
1076,-118.80492
1077,-126.57538
1078,18.34633
1079,-119.87373
1080,-122.433655
1081,60.432472
1082,59.73342
1083,-89.780174
1084,-59.73081
1085,-64.07584
1086,-43.62393
1087,-72.39609
1088,-66.68834
1089,-57.417698
1090,-80.10365
1091,-84.484184
1092,-101.1085
1093,-92.90631
1094,-78.36669
1095,-98.775024
1096,-97.010216
1097,-99.114265
1098,-98.37357
1099,-92.53339
1100,-77.41891
1101,-124.95439
1102,51.99945
1103,44.56764
1104,-69.731094
1105,-94.38872
1106,-119.06762
1107,-123.24458
1108,-93.94915
1109,-125.27977
1110,-138.53796
1111,-90.125084
1112,-85.30779
1113,-72.720245
1114,54.798107
1115,-111.8265
1116,38.64497
1117,32.877956
1118,-77.01813
1119,-107.49655
1120,-64.78197
1121,-86.85745
1122,-77.31966
1123,3.8427737
1124,-124.50716
1125,-10.635614
1126,-10.422831
1127,-6.849001
1128,-98.194534
1129,-98.089355
1130,-71.800896
1131,-64.03526
1132,-81.05365
1133,-67.21888
1134,-72.79875
1135,26.4301
1136,-66.62701
1137,18.830235
1138,-85.48173
1139,44.43908
1140,5.461164
1141,-82.48579
1142,59.50311
1143,55.02676
1144,26.43812
1145,57.340607
1146,5.1176023
1147,-81.94928
1148,-80.60389
1149,13.115686
1150,-13.952064
1151,-20.381084
1152,-132.5982
1153,-101.51689
1154,-80.07943
1155,-97.37403
1156,-98.51489
1157,-102.719284
1158,-61.684425
1159,-81.27545
1160,-103.20308
1161,-10.814109
1162,-88.0299
1163,-98.810196
1164,-91.91827
1165,-54.36102
1166,-105.43704
1167,26.390963
1168,-97.814064
1169,-41.740112
1170,-100.06942
1171,-96.94712
1172,-96.47879
1173,-104.511215
1174,-68.98027
1175,58.560997
1176,32.010868
1177,55.454998
1178,-59.040077
1179,-79.05088
1180,-121.259735
1181,-93.59341
1182,-88.301346
1183,-86.37692
1184,69.56461
1185,-94.842155
1186,-115.2124
1187,71.510765
1188,-76.66765
1189,65.68331
1190,-69.477745
1191,54.720173
1192,-112.148315
1193,-102.80644
1194,-112.71663
1195,-110.25851
1196,-72.41803
1197,-106.685295
1198,-77.18573
1199,-109.864365
1200,56.187675
1201,-112.08367
1202,-89.88414
1203,-91.12431
1204,-100.89821
1205,30.542072
1206,57.84146
1207,22.553928
1208,53.37805
1209,-69.71733
1210,55.211647
1211,61.534504
1212,21.635555
1213,-98.62027
1214,-107.099205
1215,15.526667
1216,4.9797244
1217,46.24717
1218,51.45303
1219,62.407654
1220,-100.955986
1221,47.64571
1222,-103.30876
1223,6.145661
1224,-4.173553
1225,30.35992
1226,32.740864
1227,49.715923
1228,-33.058483
1229,-30.753757
1230,-19.285862
1231,-24.464008
1232,14.554479
1233,19.488876
1234,-105.22914
1235,-103.42463
1236,-121.59288
1237,74.94509
1238,35.43177
1239,31.48366
1240,10.63866
1241,48.075718
1242,7.367463
1243,28.216038
1244,-6.9058237
1245,-15.006106
1246,-28.171265
1247,-16.073975
1248,-16.711777
1249,-11.955919
1250,1.5361211
1251,-10.306082
1252,59.409054
1253,49.972553
1254,42.287903
1255,27.318682
1256,38.76005
1257,41.914593
1258,42.454163
1259,7.741613
1260,-12.618639
1261,-15.907705
1262,-12.245334
1263,41.745926
1264,64.643425
1265,69.09664
1266,69.70866
1267,56.077427
1268,29.79409
1269,55.34965
1270,40.056656
1271,36.604248
1272,68.996544
1273,-102.223946
1274,44.367424
1275,66.148346
1276,64.34126
1277,67.4917
1278,-52.15702
1279,81.27863
1280,86.351875
1281,62.07989
1282,64.02651
1283,38.93351
1284,45.961487
1285,35.591927
1286,50.336224
1287,46.986065
1288,80.831345
1289,70.666595
1290,62.587498
1291,-105.09143
1292,62.4663
1293,32.98022
1294,39.014984
1295,49.384686
1296,-94.94539
1297,47.97107
1298,50.44752
1299,46.031025
1300,45.447556
1301,59.39935
1302,58.795822
1303,67.543785
1304,-88.9319
1305,-90.432396
1306,-107.46168
1307,52.47836
1308,-116.65684
1309,-12.396233
1310,-19.197807
1311,-112.153366
1312,34.79057
1313,49.405617
1314,31.734976
1315,-93.25838
1316,31.992393
1317,-97.40793
1318,45.540173
1319,44.334824
1320,36.884937
1321,54.863323
1322,49.742363
1323,55.67267
1324,-124.20554
1325,56.966568
1326,72.07617
1327,69.685844
1328,-104.2044
1329,-105.42796
1330,37.271294
1331,-53.78183
1332,-86.67074
1333,68.94781
1334,-52.460495
1335,-54.693512
1336,-68.233215
1337,-41.66216
1338,82.55788
1339,-28.27761
1340,76.18924
1341,68.92148
1342,71.32573
1343,65.19174
1344,69.66259
1345,79.666016
1346,-103.372406
1347,81.65708
1348,-103.63425
1349,-102.10189
1350,-100.12131
1351,-106.00746
1352,37.55545
1353,-98.88743
1354,58.266422
1355,-71.52182
1356,-90.639404
1357,-88.23601
1358,-80.6998
1359,48.283466
1360,61.392426
1361,64.00479
1362,57.696148
1363,53.243984
1364,60.583755
1365,70.117874
1366,71.252304
1367,71.63774
1368,53.446598
1369,-120.96351
1370,-106.8909
1371,-76.10025
1372,78.51826
1373,-29.659172
1374,84.30414
1375,68.70942
1376,-50.855736
1377,-84.23929
1378,62.030926
1379,30.32715
1380,67.352806
1381,41.810257
1382,-62.75648
1383,104.00922
1384,-57.61846
1385,-55.047806
1386,-30.290627
1387,-114.43142
1388,-74.26946
1389,42.532207
1390,91.975204
1391,88.34128
1392,79.53917
1393,77.380646
1394,-132.64603
1395,78.94507
1396,73.48386
1397,64.18125
1398,72.575066
1399,87.05347
1400,88.6788
1401,82.18047
1402,60.78756
1403,71.826385
1404,57.548386
1405,94.145905
1406,101.15124
1407,-17.452377
1408,-43.246223
1409,-34.956253
1410,68.8728
1411,96.25747
1412,81.17532
1413,69.58614
1414,76.987495
1415,58.690483
1416,90.47398
1417,75.91715
1418,90.7334
1419,-55.77357
1420,-18.476952
1421,62.396904
1422,85.06679
1423,-30.667725
1424,-60.340405
1425,62.926685
1426,56.995396
1427,61.84022
1428,72.28017
1429,-49.47261
1430,69.74403
1431,92.63367
1432,90.095215
1433,-64.63328
1434,61.63825
1435,50.700855
1436,46.563946
1437,-76.21712
1438,-48.607994
1439,-83.69775
1440,48.623505
1441,66.49421
1442,40.342747
1443,-81.0293
1444,-62.870007
1445,-42.35879
1446,-65.81537
1447,-22.984474
1448,-50.670547
1449,73.60242
1450,-120.26114
1451,93.698265
1452,86.559494
1453,65.13164
1454,32.214027
1455,17.635567
1456,29.437864
1457,16.953411
1458,-49.20653
1459,12.440655
1460,15.714099
1461,78.989456
1462,4.6198006
1463,34.990017
1464,64.57198
1465,-102.48241
1466,98.84535
1467,90.68471
1468,-111.83
1469,81.10675
1470,-82.72191
1471,-82.429535
1472,90.03267
1473,81.710304
1474,60.46281
1475,74.62748
1476,60.574272
1477,37.45558
1478,57.065605
1479,71.13418
1480,65.38458
1481,-7.08024
1482,19.63479
1483,-108.5386
1484,40.821705
1485,-115.971504
1486,-94.18338
1487,43.97953
1488,-58.903366
1489,41.51419
1490,-47.73926
1491,-22.344658
1492,-3.2853088
1493,-17.234726
1494,96.68768
1495,-23.37474
1496,-68.09629
1497,76.40414
1498,71.13039
1499,85.17154
1500,67.73297
1501,53.35372
1502,40.74876
1503,75.05836
1504,63.299107
1505,68.412025
1506,43.202785
1507,59.91692
1508,52.18892
1509,-52.040607
1510,-67.137344
1511,62.388897
1512,95.764824
1513,86.29497
1514,83.713264
1515,61.85754
1516,54.62877
1517,63.803886
1518,-91.83744
1519,50.201378
1520,24.823376
1521,41.375916
1522,-85.97839
1523,60.142605
1524,60.908947
1525,75.6802
1526,-87.25627
1527,53.094727
1528,61.70668
1529,-94.77571
1530,39.70989
1531,-104.37428
1532,-82.015854
1533,87.05113
1534,77.90712
1535,79.111694
1536,75.62014
1537,-64.293686
1538,-78.65442
1539,90.28065
1540,-101.62549
1541,-80.15368
1542,-69.678116
1543,-36.33955
1544,-36.896427
1545,-96.248665
1546,-34.710983
1547,-30.742882
1548,63.503784
1549,-64.57526
1550,-24.215633
1551,33.294617
1552,25.504234
1553,-88.114365
1554,55.571728
1555,71.35461
1556,72.18211
1557,-25.444107
1558,-56.50192
1559,35.892006
1560,22.416193
1561,34.496178
1562,-8.200917
1563,-10.871132
1564,-2.7346272
1565,19.01705
1566,-113.282036
1567,53.18678
1568,62.837826
1569,55.419533
1570,63.677597
1571,61.636135
1572,68.319664
1573,33.948307
1574,76.55884
1575,61.119843
1576,-4.8999667
1577,-6.9061866
1578,-11.145775
1579,-20.487995
1580,-26.276346
1581,-19.90835
1582,-19.708729
1583,-50.974617
1584,-63.511383
1585,27.916277
1586,58.000027
1587,8.717558
1588,-1.0173985
1589,-13.9548
1590,-22.239555
1591,-23.188364
1592,-19.858454
1593,-7.638732
1594,-6.2206593
1595,-11.463426
1596,-45.12433
1597,-24.09739
1598,-24.46697
1599,34.411552
1600,26.15045
1601,38.237892
1602,-57.29502
1603,46.02859
1604,-80.030624
1605,32.832687
1606,-17.73263
1607,-20.682575
1608,-21.316406
1609,79.45006
1610,-63.763863
1611,-30.883797
1612,-80.90637
1613,-29.575348
1614,-23.916334
1615,59.408333
1616,67.29936
1617,23.922781
1618,64.53833
1619,-104.359375
1620,-110.57546
1621,-80.17145
1622,-106.72733
1623,-105.457214
1624,-107.14056
1625,-107.26005
1626,45.36459
1627,65.186775
1628,60.679855
1629,76.66608
1630,83.697586
1631,91.00181
1632,-30.791245
1633,76.53678
1634,91.18057
1635,95.207054
1636,-50.76835
1637,-76.05928
1638,-16.21743
1639,96.8762
1640,-44.36828
1641,-34.842567
1642,-14.821159
1643,76.06666
1644,70.80817
1645,79.86064
1646,53.961086
1647,76.08147
1648,-41.69327
1649,-54.401455
1650,-67.77181
1651,-12.257835
1652,-19.694382
1653,-15.517906
1654,69.07883
1655,-28.011284
1656,75.75704
1657,-106.64432
1658,68.0825
1659,91.23761
1660,96.12529
1661,-104.58026
1662,-105.204506
1663,-106.48564
1664,-89.65929
1665,-60.00074
1666,-33.521515
1667,101.036545
1668,102.08536
1669,-69.17797
1670,-99.41568
1671,-75.46768
1672,59.05722
1673,-98.85524
1674,100.701515
1675,-44.715405
1676,-70.91845
1677,-97.3246
1678,107.62148
1679,91.05103
1680,103.56962
1681,-40.482994
1682,81.709694
1683,101.21375
1684,-72.472626
1685,-70.51824
1686,-4.6987915
1687,92.58816
1688,102.77662
1689,-37.425877
1690,110.259346
1691,102.256134
1692,94.66284
1693,99.45288
1694,91.346115
1695,89.22357
1696,-40.647778
1697,-14.436302
1698,-92.67082
1699,107.44023
1700,-37.34207
1701,87.8604
1702,-47.910416
1703,-52.73827
1704,-67.77702
1705,-63.59672
1706,-65.9016
1707,-104.56077
1708,-54.7535
1709,-46.84443
1710,-41.068516
1711,-18.626434
1712,33.04162
1713,-57.86385
1714,-57.121494
1715,-76.05931
1716,-76.2834
1717,-82.7706
1718,-24.258286
1719,-79.05326
1720,-89.50719
1721,-47.78286
1722,109.25749
1723,-60.12159
1724,-48.261425
1725,-91.150536
1726,-89.87068
1727,104.43003
1728,94.20856
1729,101.39656
1730,-20.849945
1731,94.278725
1732,94.160805
1733,117.35186
1734,110.39124
1735,99.41459
1736,82.11622
1737,-103.44364
1738,-26.691124
1739,108.323166
1740,92.960724
1741,92.74583
1742,87.49259
1743,94.75731
1744,-59.472656
1745,106.90822
1746,-34.63855
1747,-36.879135
1748,-8.124947
1749,-72.79917
1750,-45.10196
1751,112.12344
1752,-98.881905
1753,-69.00965
1754,-69.34162
1755,-72.99093
1756,-96.69134
1757,-51.22871
1758,-76.8697
1759,-51.876087
1760,-50.314396
1761,-35.659058
1762,-24.85376
1763,-50.931767
1764,-19.835129
1765,-64.469955
1766,99.37855
1767,-35.31388
1768,-106.62104
1769,-100.07915
1770,-89.05192
1771,-81.08075
1772,-52.34951
1773,107.94538
1774,112.80844
1775,114.53369
1776,115.88064
1777,-101.14275
1778,-45.370564
1779,-56.136288
1780,-17.163124
1781,-64.29141
1782,-64.419304
1783,-60.3147
1784,7.825638
1785,95.281006
1786,-19.061035
1787,-25.017426
1788,-84.48114
1789,102.13465
1790,-76.21277
1791,-50.502453
1792,-28.270996
1793,109.56009
1794,-55.10814
1795,-39.84445
1796,18.443764
1797,-39.267265
1798,-82.715744
1799,-43.780727
1800,-24.719452
1801,-11.895996
1802,103.85153
1803,-62.582233
1804,-97.58108
1805,-99.17977
1806,-91.33545
1807,-101.87429
1808,89.434525
1809,86.982994
1810,91.84292
1811,109.124695
1812,97.64076
1813,-38.844257
1814,100.075165
1815,100.48707
1816,84.23425
1817,82.51004
1818,-31.38031
1819,-22.222221
1820,112.69691
1821,-42.05869
1822,-58.603966
1823,-76.14044
1824,-80.07103
1825,99.51734
1826,-25.795845
1827,94.27178
1828,93.59817
1829,100.85421
1830,-32.953117
1831,117.66755
1832,121.44524
1833,-44.367336
1834,88.311165
1835,96.95662
1836,-85.986755
1837,107.30432
1838,117.280304
1839,-38.943027
1840,-72.98247
1841,-30.824265
1842,-17.922798
1843,99.537964
1844,95.94376
1845,87.43343
1846,98.61041
1847,95.830376
1848,106.656395
1849,-76.16836
1850,-32.27076
1851,-28.583176
1852,100.245544
1853,118.57653
1854,94.31871
1855,86.4626
1856,84.64654
1857,114.808304
1858,112.13106
1859,-10.179848
1860,92.34989
1861,101.65457
1862,-51.464092
1863,-63.91389
1864,86.994026
1865,-31.53875
1866,-60.531895
1867,-38.533123
1868,-43.68819
1869,-27.431946
1870,93.31773
1871,106.58213
1872,103.25738
1873,91.85047
1874,96.4944
1875,90.7812
1876,96.61866
1877,85.12199
1878,91.10878
1879,94.51719
1880,102.10951
1881,106.5694
1882,114.36436
1883,107.5251
1884,115.927574
1885,113.19599
1886,83.229454
1887,92.75407
1888,95.155266
1889,103.30926
1890,118.42354
1891,-68.98122
1892,105.93496
1893,113.63832
1894,127.49872
1895,-21.250214
1896,-87.32361
1897,116.603004
1898,106.94369
1899,-54.549374
1900,114.23541
1901,-10.050148
1902,115.764244
1903,-43.469704
1904,122.098755
1905,108.346245
1906,113.15713
1907,-62.04519
1908,-25.443642
1909,-42.33657
1910,118.35234
1911,-34.014427
1912,-74.81213
1913,-54.71597
1914,-58.026005
1915,-65.71952
1916,-37.01864
1917,-43.840187
1918,-56.245735
1919,-80.045044
1920,-84.590416
1921,-58.466778
1922,-51.14072
1923,112.182465
1924,98.991875
1925,107.77646
1926,107.06564
1927,115.93447
1928,-16.243736
1929,-43.511173
1930,115.9981
1931,105.14619
1932,72.76384
1933,69.76025
1934,108.959404
1935,126.658295
1936,-18.318222
1937,-56.295193
1938,-14.732422
1939,100.142365
1940,-39.704758
1941,106.48309
1942,101.52206
1943,118.95806
1944,-19.04094
1945,-49.051365
1946,-55.75896
1947,-81.02413
1948,-67.983376
1949,-57.838634
1950,-52.40175
1951,104.35218
1952,99.09385
1953,90.16845
1954,98.37223
1955,98.155975
1956,-88.615265
1957,99.19935
1958,-52.11446
1959,115.80193
1960,114.70499
1961,106.61055
1962,112.85813
1963,111.99982
1964,102.85901
1965,103.39258
1966,100.67467
1967,-75.59192
1968,108.89897
1969,-61.10623
1970,-19.3433
1971,116.54725
1972,115.00485
1973,-68.46312
1974,112.68431
1975,115.20701
1976,114.79916
1977,109.23926
1978,116.27446
1979,102.0986
1980,115.83386
1981,2.3539734
1982,-21.838432
1983,116.47082
1984,101.467064
1985,119.84944
1986,107.017044
1987,112.39056
1988,106.09342
1989,106.696945
1990,115.15557
1991,112.73001
1992,116.815994
1993,120.48549
1994,106.26486
1995,118.27404
1996,115.02423
1997,112.82833
1998,111.43299
1999,118.85867
2000,116.07801
2001,115.75831
2002,113.98204
2003,114.09479
2004,119.96665
2005,117.10045
2006,125.41241
2007,118.501816
2008,107.96256
2009,100.172775
2010,100.102776
2011,104.26731
2012,114.80659
2013,113.32781
2014,111.32575
2015,114.1883
2016,131.008
2017,105.69293
2018,-65.973
2019,-77.29709
2020,114.73917
2021,98.878395
2022,97.545876
2023,103.679214
2024,103.808914
2025,105.23707
2026,107.33158
2027,122.45164
2028,119.54068
2029,112.857086
2030,103.475075
2031,108.10928
2032,98.49752
2033,92.41307
2034,89.066315
2035,90.284355
2036,103.79201
2037,110.33507
2038,122.8506
2039,-80.624084
2040,125.34487
2041,120.91877
2042,108.09374
2043,97.1121
2044,100.66062
2045,103.61085
2046,114.3313
2047,116.78627
2048,-71.967834
2049,104.353355
2050,110.02765
2051,-56.51036
2052,-42.357243
2053,-91.142715
2054,-97.41589
2055,-54.485954
2056,-10.149101
2057,-102.83318
2058,-89.611885
2059,96.661736
2060,110.424416
2061,-98.677
2062,-102.64431
2063,-93.226425
2064,-100.546486
2065,-42.147686
2066,-62.801655
2067,-102.19593
2068,-61.30005
2069,-94.23557
2070,-101.50825
2071,-99.19499
2072,-86.39717
2073,-90.27969
2074,85.981674
2075,-92.613235
2076,-84.857216
2077,104.38794
2078,103.76201
2079,-30.504417
2080,-95.65744
2081,-98.20293
2082,120.958084
2083,121.64171
2084,126.88814
2085,-100.07727
2086,126.648224
2087,-14.678261
2088,-87.83762
2089,-35.09465
2090,5.2677917
2091,-94.3054
2092,-98.218025
2093,-97.49339
2094,129.22395
2095,-29.314728
2096,122.64268
2097,127.26768
2098,131.49255
2099,-101.387924
2100,141.09406
2101,131.22661
2102,122.53279
2103,-71.42398
2104,-103.65178
2105,125.85989
2106,120.86221
2107,116.03582
2108,127.13464
2109,122.9984
2110,123.23328
2111,119.249954
2112,-102.09132
2113,-107.63177
2114,-100.2471
2115,-106.76158
2116,-100.75221
2117,-105.99713
2118,127.42902
2119,-106.56545
2120,-107.610374
2121,-107.69847
2122,-106.15485
2123,-103.74706
2124,117.55681
2125,126.13823
2126,-111.7517
2127,-105.572296
2128,-105.079605
2129,-99.433014
2130,-105.47953
2131,-103.96325
2132,-104.24056
2133,-105.882904
2134,-104.14015
2135,-102.700874
2136,-105.965836
2137,-107.533226
2138,-92.80174
2139,-92.49518
2140,-99.56905
2141,-103.40715
2142,-103.94203
2143,-104.65234
2144,-96.846825
2145,-91.52457
2146,-83.631744
2147,-100.56109
2148,-99.01913
2149,132.42874
2150,110.76312
2151,-93.03704
2152,-94.33159
2153,-98.58139
2154,-86.39774
2155,-99.92603
2156,122.13786
2157,120.11801
2158,118.37297
2159,125.3968
2160,121.684616
2161,117.33803
2162,122.35888
2163,117.89567
2164,-85.628174
2165,113.232574
2166,125.08927
2167,128.24872
2168,132.00987
2169,-90.90593
2170,-94.06394
2171,126.89875
2172,134.35843
2173,109.45032
2174,116.25079
2175,129.42847
2176,-23.651764
2177,130.4942
2178,125.261536
2179,125.37879
2180,122.230545
2181,132.54697
2182,-99.688576
2183,-99.67397
2184,-93.771255
2185,-104.084625
2186,-98.04831
2187,-94.90762
2188,-91.80536
2189,-97.99973
2190,-98.84918
2191,-99.881775
2192,-104.74547
2193,-104.581314
2194,-106.79146
2195,-92.431366
2196,-103.84488
2197,-96.06352
2198,-55.99282
2199,125.56563
2200,-102.3363
2201,125.993225
2202,119.9181
2203,-2.0427017
2204,-105.6421
2205,-103.84897
2206,-105.636406
2207,-101.060905
2208,-102.583374
2209,-94.59911
2210,-22.07206
2211,-100.74147
2212,-92.8387
2213,-98.917915
2214,-78.7068
2215,115.77189
2216,-34.10357
2217,115.47925
2218,119.51342
2219,-100.09885
2220,-102.34437
2221,-102.753586
2222,-99.87888
2223,-101.03656
2224,-103.72191
2225,-101.97422
2226,-103.56949
2227,-102.79932
2228,-105.27084
2229,-105.07047
2230,-27.10479
2231,-61.859776
2232,-100.83024
2233,-106.378296
2234,-107.12512
2235,-106.44071
2236,124.234726
2237,-102.789505
2238,-100.223
2239,-104.27162
2240,-104.525246
2241,-105.92057
2242,-105.86873
2243,-102.284584
2244,-64.44444
2245,-91.97966
2246,-104.469406
2247,-42.04767
2248,-103.60177
2249,-93.78551
2250,-104.01334
2251,-101.83463
2252,-103.75975
2253,-101.30222
2254,104.87746
2255,97.61099
2256,-103.43109
2257,115.86067
2258,120.24459
2259,-103.40826
2260,121.60993
2261,-113.44519
2262,-108.234344
2263,-106.43609
2264,-103.33032
2265,-104.030914
2266,-106.4849
2267,-105.6204
2268,116.855064
2269,-103.87451
2270,-78.23346
2271,-108.12903
2272,-104.65835
2273,-100.94824
2274,116.00854
2275,-49.550407
2276,-51.208336
2277,-100.73803
2278,-103.45369
2279,-99.089066
2280,-101.71819
2281,-101.71005
2282,-103.03715
2283,-102.50671
2284,-101.58267
2285,-101.649155
2286,-105.85505
2287,-100.2376
2288,102.13981
2289,-105.13426
2290,-104.71374
2291,-104.030594
2292,-108.79673
2293,-109.283806
2294,-114.60762
2295,-106.45892
2296,-63.368576
2297,-99.806404
2298,-104.33229
2299,-107.143616
2300,-99.26063
2301,-106.183395
2302,-105.78191
2303,-102.18365
2304,-105.96172
2305,-29.981575
2306,-104.252304
2307,-96.15927
2308,-107.85093
2309,-0.692276
2310,-105.24537
2311,-108.69874
2312,-106.83385
2313,-107.08507
2314,-104.47238
2315,-106.690506
2316,-109.45102
2317,-110.32292
2318,-106.81525
2319,-107.15391
2320,-104.868774
2321,127.72451
2322,-100.98128
2323,-103.87983
2324,-104.96367
2325,-103.21008
2326,-109.53685
2327,-107.781586
2328,128.44205
2329,-109.2639
2330,-102.716805
2331,-106.69956
2332,121.189224
2333,-2.459198
2334,-109.17267
2335,-107.03298
2336,-106.64414
2337,115.6334
2338,-102.680275
2339,-108.50139
2340,-108.19788
2341,-102.121704
2342,-105.03458
2343,-105.54254
2344,-106.485435
2345,-105.66118
2346,-103.34593
2347,-108.3541
2348,-107.89134
2349,-107.84694
2350,-105.05796
2351,-108.199066
2352,-109.1581
2353,-99.136696
2354,128.97052
2355,-93.3377
2356,-90.73925
2357,-17.36966
2358,-105.752045
2359,-104.35646
2360,-105.252815
2361,128.6795
2362,-105.9412
2363,-105.53038
2364,-105.96418
2365,-107.82374
2366,-108.36357
2367,-107.42056
2368,-106.2993
2369,-106.74429
2370,-106.41623
2371,-106.326965
2372,-105.35651
2373,123.64415
2374,124.95994
2375,127.75125
2376,-106.21217
2377,-94.52092
2378,-108.44498
2379,-94.22347
2380,126.146545
2381,109.59087
2382,124.534874
2383,124.39919
2384,121.76352
2385,-45.468845
2386,10.678543
2387,125.92795
2388,110.21034
2389,127.87487
2390,-51.27371
2391,-70.92737
2392,132.90086
2393,115.22719
2394,128.02095
2395,0.881279
2396,-91.77381
2397,127.57995
2398,128.6832
2399,122.069145
2400,123.550354
2401,119.39587
2402,131.63884
2403,123.86965
2404,0.65802
2405,118.00011
2406,132.89743
2407,126.90677
2408,121.39923
2409,123.93323
2410,125.47189
2411,-99.44207
2412,-105.71182
2413,117.104195
2414,-101.888985
2415,114.78415
2416,116.14998
2417,114.565636
2418,-32.845634
2419,125.41476
2420,135.44354
2421,-101.24023
2422,127.88363
2423,127.60439
2424,-107.139404
2425,-101.45958
2426,122.01726
2427,133.85246
2428,124.95675
2429,123.92676
2430,-106.71856
2431,-46.840538
2432,112.87868
2433,113.466385
2434,131.5251
2435,133.82454
2436,135.36635
2437,139.30003
2438,128.10869
2439,118.64653
2440,113.11729
2441,133.83652
2442,123.06663
2443,114.21853
2444,124.90714
2445,123.451004
2446,131.84029
2447,135.49016
2448,-110.628044
2449,-49.75451
2450,-13.62838
2451,128.14125
2452,127.606186
2453,136.4544
2454,119.365715
2455,-5.562149
2456,123.66434
2457,134.29462
2458,126.31898
2459,126.07407
2460,131.32642
2461,122.93265
2462,129.75769
2463,111.41741
2464,112.728874
2465,119.17931
2466,132.53444
2467,-41.118263
2468,-18.24939
2469,-46.874725
2470,-69.4188
2471,127.84091
2472,-55.94489
2473,-60.728065
2474,129.41718
2475,117.47152
2476,-32.73387
2477,118.564255
2478,107.77597
2479,129.98613
2480,125.72231
2481,100.43309
2482,111.8184
2483,-61.86826
2484,6.465126
2485,-31.031425
2486,129.21951
2487,118.50261
2488,103.72791
2489,117.571
2490,132.20541
2491,120.78462
2492,-6.606003
2493,-70.51253
2494,125.92301
2495,128.60692
2496,132.07933
2497,-6.36158
2498,-3.7138596
2499,127.738625
2500,131.71806
2501,127.50519
2502,120.861115
2503,118.18602
2504,131.07323
2505,137.93729
2506,-77.46896
2507,-18.06424
2508,129.48492
2509,126.44063
2510,133.63
2511,133.57014
2512,138.96815
2513,134.17928
2514,130.49472
2515,-12.221054
2516,126.16797
2517,-27.227036
2518,-24.293114
2519,123.437614
2520,127.63056
2521,127.60706
2522,-0.73612976
2523,-71.94592
2524,119.5411
2525,-20.504921
2526,6.168968
2527,126.61879
2528,3.065239
2529,-48.231094
2530,122.61442
2531,-13.458763
2532,-43.755863
2533,125.53122
2534,1.0107498
2535,13.915222
2536,121.82009
2537,128.10652
2538,-20.571915
2539,-58.569374
2540,130.43564
2541,127.33592
2542,-32.4364
2543,-56.75752
2544,-57.84371
2545,-39.493404
2546,-40.484745
2547,104.59539
2548,-32.50306
2549,125.48251
2550,-106.56809
2551,-104.93147
2552,-69.95094
2553,-59.06771
2554,-66.79738
2555,-53.70663
2556,-29.329239
2557,-85.8499
2558,-76.569374
2559,-64.71823
2560,-77.541885
2561,-107.904305
2562,-49.06582
2563,-65.57643
2564,-111.95718
2565,-84.84032
2566,-69.37338
2567,-61.503387
2568,134.10904
2569,-0.3244934
2570,-29.473763
2571,-49.287067
2572,-48.499557
2573,-109.405846
2574,-33.77861
2575,-48.75705
2576,-37.378273
2577,-72.787
2578,-113.31907
2579,-74.846085
2580,-113.15144
2581,-60.08176
2582,-88.389854
2583,-103.323296
2584,-76.11544
2585,-103.81757
2586,-101.88157
2587,-34.22692
2588,-61.697918
2589,-23.03283
2590,-70.69697
2591,-74.13573
2592,-104.39692
2593,-81.26933
2594,-96.19081
2595,-85.6406
2596,-62.15885
2597,-55.37059
2598,-89.399704
2599,-104.29858
2600,-105.098465
2601,-101.50734
2602,-103.089775
2603,-104.955086
2604,-101.48048
2605,-103.154366
2606,-102.88621
2607,-104.51611
2608,-111.03589
2609,-115.17645
2610,-112.36599
2611,-115.328156
2612,-117.66264
2613,-115.452774
2614,-104.19014
2615,-114.190155
2616,-114.15048
2617,-114.363205
2618,-115.47627
2619,-115.43705
2620,-116.05006
2621,-115.70381
2622,-114.45011
2623,-116.893684
2624,-120.60952
2625,-116.41588
2626,-113.90568
2627,-115.28054
2628,-115.15979
2629,-117.19813
2630,-117.77683
2631,-118.510704
2632,-127.581314
2633,-113.79778
2634,-113.787735
2635,-113.76462
2636,-114.209
2637,-116.126785
2638,-119.07062
2639,-114.850044
2640,-114.675156
2641,-115.23711
2642,-118.04178
2643,-113.40149
2644,-115.94442
2645,-114.87033
2646,-120.99335
2647,-121.08591
2648,-121.08856
2649,-119.81828
2650,-117.710976
2651,-118.72586
2652,-115.79987
2653,-114.86185
2654,-114.0491
2655,-115.78715
2656,-115.25628
2657,-115.60399
2658,-115.72507
2659,-115.995476
2660,-115.3791
2661,-115.17288
2662,-115.29456
2663,-118.26891
2664,-117.87872
2665,-116.237564
2666,-117.09677
2667,-117.30906
2668,-121.77996
2669,-118.54881
2670,-117.180954
2671,-115.12989
2672,-114.005295
2673,-120.605316
2674,-116.09387
2675,-117.486946
2676,-117.96828
2677,-123.161095
2678,-118.13321
2679,-120.71077
2680,-121.79518
2681,-120.10178
2682,-121.12872
2683,-121.94821
2684,-120.26629
2685,-117.50268
2686,-117.1275
2687,-117.233246
2688,-114.83606
2689,-114.98784
2690,-116.25639
2691,-117.84836
2692,-115.79726
2693,-115.41385
2694,-115.894394
2695,-115.402626
2696,-114.94026
2697,-116.427536
2698,-114.80387
2699,-115.46185
2700,-117.92418
2701,-114.89746
2702,-114.7424
2703,-119.41737
2704,-120.08027
2705,-120.31851
2706,-119.79273
2707,-118.91418
2708,-119.15235
2709,-116.59365
2710,-109.9406
2711,-103.352165
2712,-107.29592
2713,-107.20957
2714,-102.34006
2715,-107.560684
2716,-114.446106
2717,-108.374405
2718,-106.65188
2719,-102.52173
2720,-103.20329
2721,-104.98183
2722,-110.06084
2723,-111.60119
2724,-107.9428
2725,-113.01523
2726,-113.79271
2727,-113.07336
2728,-115.51647
2729,-116.758224
2730,-110.05973
2731,-116.377335
2732,-108.83409
2733,-111.45105
2734,-110.99524
2735,-113.55989
2736,-119.53703
2737,-111.32635
2738,-115.4992
2739,-115.17463
2740,-116.30284
2741,-113.8583
2742,-113.88519
2743,-115.086205
2744,-114.374985
2745,-116.189575
2746,-108.13159
2747,-109.96861
2748,-108.70351
2749,-109.71754
2750,-109.46748
2751,-109.48973
2752,-109.87667
2753,-111.40012
2754,-108.97834
2755,-107.89851
2756,-108.888245
2757,-109.58043
2758,-110.04552
2759,-115.653625
2760,-115.845436
2761,-115.74574
2762,-115.76085
2763,-116.42049
2764,-115.80319
2765,-115.8655
2766,-116.027596
2767,-116.51864
2768,-111.39953
2769,-109.633835
2770,-109.88363
2771,-118.562256
2772,-116.09702
2773,-114.39016
2774,-114.394844
2775,-114.92487
2776,-114.37422
2777,-114.84666
2778,-116.474655
2779,-112.59601
2780,-117.79338
2781,-114.818
2782,-116.031815
2783,-115.04866
2784,-120.207214
2785,-115.84663
2786,-113.30346
2787,-113.97706
2788,-114.44534
2789,-114.63813
2790,-115.24836
2791,-115.41694
2792,-114.489395
2793,-113.633415
2794,-115.683876
2795,-115.06708
2796,-121.349365
2797,-115.07905
2798,-105.91851
2799,-105.09123
2800,-106.0604
2801,-105.69293
2802,-105.88748
2803,-105.41334
2804,-115.0655
2805,-116.5918
2806,-108.483665
2807,-105.50747
2808,-103.97258
2809,-104.30569
2810,-104.32022
2811,-103.75928
2812,-103.72351
2813,-104.3047
2814,-103.29033
2815,-101.778076
2816,-104.42964
2817,-103.850815
2818,-102.90428
2819,-102.15752
2820,-103.26005
2821,-104.13446
2822,-101.30162
2823,-101.01696
2824,-97.48719
2825,-101.50327
2826,-100.92074
2827,-101.77037
2828,-102.74865
2829,-102.34742
2830,-103.660835
2831,-104.48967
2832,-99.88109
2833,-102.41215
2834,-100.528625
2835,-99.88546
2836,-102.571976
2837,-105.457886
2838,-102.43998
2839,-101.21885
2840,-101.64734
2841,-101.455376
2842,-100.43597
2843,-96.70413
2844,-95.26219
2845,-97.29669
2846,-94.20639
2847,-93.842064
2848,-92.20003
2849,-97.87677
2850,-101.11114
2851,-80.51219
2852,-89.922775
2853,-97.46691
2854,-100.537865
2855,-101.98394
2856,-85.52337
2857,-100.71373
2858,-96.84232
2859,-97.98579
2860,-95.468094
2861,-105.56998
2862,-104.58235
2863,-101.7207
2864,-102.20077
2865,-102.63696
2866,-105.874794
2867,-74.727005
2868,-104.106735
2869,-102.09621
2870,-98.9497
2871,-102.27068
2872,-105.282524
2873,-100.50317
2874,-102.652435
2875,-81.34979
2876,-107.29061
2877,-98.871544
2878,-107.280014
2879,-105.643
2880,-96.50966
2881,80.782104
2882,25.293526
2883,-92.78297
2884,-75.03509
2885,-100.57563
2886,-93.23608
2887,-102.67095
2888,-75.711205
2889,-83.47221
2890,-41.615704
2891,87.45512
2892,75.20453
2893,-89.77421
2894,-69.47867
2895,-80.8633
2896,-91.284546
2897,-100.12733
2898,-98.73339
2899,-84.51326
2900,-62.76948
2901,-73.8387
2902,-71.06367
2903,-46.723297
2904,-75.88634
2905,-73.68121
2906,-40.549423
2907,-50.260857
2908,-62.315094
2909,-88.31038
2910,-103.74065
2911,-107.963356
2912,-71.36084
2913,-59.343372
2914,-92.26411
2915,-112.152115
2916,-68.33501
2917,-102.62759
2918,-49.534145
2919,-49.51526
2920,-56.52857
2921,-54.52101
2922,-53.556767
2923,-60.945023
2924,-43.662758
2925,-79.63718
2926,-57.66427
2927,-91.24181
2928,-62.493397
2929,-65.692345
2930,-41.47169
2931,-55.645245
2932,-70.96799
2933,-86.928
2934,-70.837944
2935,-33.7361
2936,-38.353397
2937,-76.09642
2938,-90.71275
2939,-53.37797
2940,-49.737617
2941,-71.01679
2942,-83.099976
2943,-73.65109
2944,-46.312775
2945,-47.947857
2946,-74.20246
2947,-66.144966
2948,-63.581276
2949,-63.966484
2950,-53.962242
2951,-82.86882
2952,-70.63486
2953,-66.84317
2954,-30.746307
2955,-43.00681
2956,-60.18556
2957,-70.046555
2958,-58.114235
2959,-81.342896
2960,-52.754578
2961,-60.57831
2962,-79.49281
2963,-65.68211
2964,-55.75633
2965,24.080475
2966,-72.44937
2967,-73.4989
2968,-76.82779
2969,-49.04554
2970,-55.13599
2971,-48.40478
2972,-61.14176
2973,-52.758682
2974,-91.00206
2975,-64.417816
2976,-35.751274
2977,-67.21054
2978,-37.29652
2979,-43.295826
2980,-60.21898
2981,-63.965755
2982,-83.234436
2983,-62.222992
2984,-59.044056
2985,-53.279724
2986,-57.865063
2987,-67.28914
2988,-64.65747
2989,-41.366062
2990,-54.74666
2991,-65.00635
2992,-56.374348
2993,-69.48108
2994,-76.1201
2995,-83.67255
2996,-55.706493
2997,-62.858837
2998,-41.98919
2999,-63.011406
