,"Algo generation: 8, gene: (348, 1)"
0,-116.19754
1,-113.42115
2,-114.80796
3,-113.70976
4,-115.87441
5,-105.51786
6,-99.90801
7,-37.80825
8,-116.17583
9,-105.84798
10,-101.949356
11,-102.90015
12,-105.659546
13,-17.085278
14,-102.20694
15,-117.59587
16,-19.52189
17,-115.77261
18,-114.72772
19,-18.698116
20,-15.262752
21,-111.75614
22,-113.08506
23,-22.092695
24,-17.053373
25,-18.482883
26,-13.831904
27,-20.218636
28,-23.591791
29,-18.80724
30,-107.24271
31,-13.873043
32,-120.141785
33,-18.396332
34,-18.502518
35,-110.076355
36,-33.47338
37,-22.696568
38,-16.197725
39,-18.561321
40,-25.23117
41,-20.035028
42,-13.355694
43,-16.469149
44,-14.141232
45,-13.560592
46,-19.992874
47,-19.813375
48,-15.347194
49,-12.009595
50,-21.758345
51,-12.611574
52,-15.503952
53,-12.446903
54,-10.068844
55,-118.52569
56,-17.442862
57,-7.770246
58,-13.378071
59,-98.23913
60,-100.89735
61,-23.20971
62,-14.030784
63,-12.87588
64,-16.70062
65,-7.2947326
66,-16.831425
67,-12.65073
68,-13.909106
69,-98.80667
70,-97.92335
71,-12.922345
72,-6.071003
73,-7.9401684
74,-96.79367
75,-95.251175
76,-97.14671
77,-94.44896
78,-11.464809
79,-102.760445
80,-35.93989
81,-14.727887
82,-93.55946
83,-101.13736
84,-32.375595
85,-92.40849
86,-0.017945323
87,-25.38587
88,-108.107254
89,-100.00225
90,-92.68714
91,-96.08629
92,-4.3831997
93,-5.596824
94,-7.613888
95,-10.725725
96,-8.423938
97,-91.296074
98,-93.122444
99,-92.3558
100,-93.16158
101,-96.36638
102,-92.24319
103,-110.97399
104,-11.945515
105,-94.76249
106,-92.59984
107,-22.018005
108,-96.71902
109,-96.19266
110,-93.51712
111,-101.17761
112,-95.574135
113,-91.53989
114,-94.187614
115,-93.637596
116,-93.48745
117,-12.712859
118,-3.9278839
119,-9.027436
120,-5.6987033
121,-12.57143
122,-5.839053
123,-8.4588375
124,-94.67145
125,-101.85563
126,-105.55347
127,-98.59589
128,-93.78615
129,-92.79694
130,-95.91941
131,-95.869835
132,-96.33615
133,-96.48603
134,-97.73134
135,-101.90607
136,-105.89328
137,-104.60697
138,-96.20891
139,-104.19767
140,-101.86909
141,-104.83284
142,-96.061455
143,-95.3599
144,-97.89829
145,-102.72341
146,-88.20477
147,-4.8999186
148,-114.811676
149,-95.851425
150,-96.985504
151,-99.21277
152,-94.839325
153,-97.066444
154,-96.645164
155,-97.19879
156,-100.54916
157,-102.68214
158,-98.179375
159,-96.00645
160,-87.693474
161,-15.512
162,-19.81899
163,-16.574133
164,-7.4205527
165,-6.1326656
166,-9.349384
167,-12.600963
168,-9.71362
169,-94.542076
170,-9.736883
171,-95.43321
172,-96.82045
173,-95.67589
174,-98.963036
175,-99.04466
176,-97.35945
177,-91.97441
178,-13.3964405
179,-99.40898
180,-100.63832
181,-94.50813
182,-3.90325
183,-23.744257
184,-5.4247394
185,-0.8727808
186,-95.33888
187,-95.50772
188,-96.65392
189,-96.738235
190,-98.62685
191,-101.25722
192,-100.11239
193,-98.86462
194,-95.364426
195,-8.768233
196,-9.714948
197,-95.639725
198,-16.90951
199,-98.13181
200,-98.28978
201,-97.92895
202,-95.17257
203,-101.713234
204,-102.4334
205,-101.58613
206,-98.8018
207,-100.92523
208,-99.99387
209,-98.94824
210,-99.26055
211,-97.71011
212,-106.65931
213,-102.07464
214,-103.68309
215,-103.970146
216,-99.73037
217,-97.995865
218,-25.019182
219,-23.893955
220,-17.884563
221,-96.42107
222,-101.196106
223,-31.507412
224,-18.21541
225,-126.24245
226,-99.86855
227,-98.11853
228,-10.663216
229,-17.041622
230,-4.7177553
231,-101.42764
232,-101.134834
233,-102.650955
234,-98.805664
235,-100.23435
236,-101.80654
237,-13.503638
238,-10.59826
239,-8.620624
240,-98.294846
241,-101.09204
242,-100.10555
243,-97.834656
244,-97.665146
245,-98.96816
246,-15.076511
247,-7.872986
248,-9.19546
249,-6.1494875
250,-12.322601
251,-9.826269
252,-94.81076
253,-100.383995
254,-100.5726
255,-101.79863
256,-6.7693796
257,-31.75097
258,-18.542213
259,-13.83322
260,-6.9166045
261,-95.459465
262,-99.151024
263,-98.61502
264,-101.38601
265,-100.92744
266,-102.985954
267,-100.75182
268,-105.82036
269,-100.11832
270,-97.706245
271,-100.18865
272,-103.68961
273,-103.60229
274,-101.11142
275,-103.38128
276,-99.04451
277,-99.43149
278,-97.10408
279,-98.88147
280,-93.842606
281,-97.50291
282,-101.32295
283,-30.08461
284,-99.98628
285,-105.734985
286,-106.94008
287,-103.550125
288,-29.516474
289,-99.87311
290,-100.67836
291,-96.83082
292,-100.28036
293,-98.17978
294,-97.325966
295,-95.596176
296,-99.7903
297,-97.96083
298,-99.09314
299,-96.73825
300,-102.18855
301,-95.20064
302,-100.07038
303,-99.02536
304,-96.484886
305,-10.641525
306,-99.80137
307,-103.6832
308,-104.4685
309,-104.854355
310,-106.092575
311,-105.949486
312,-103.47523
313,-95.49482
314,-95.39297
315,-102.3878
316,-95.00082
317,-105.56767
318,-104.499176
319,-103.64286
320,-100.64139
321,-95.55036
322,-97.75549
323,-101.40514
324,-102.37632
325,-99.121666
326,-103.47248
327,-96.77372
328,-98.62967
329,-105.3702
330,-98.62512
331,-98.8782
332,-102.29286
333,-101.00217
334,-96.091675
335,-99.94969
336,-101.69229
337,-95.71271
338,-19.284922
339,-93.390686
340,-94.34547
341,-98.6846
342,-102.618835
343,-100.18724
344,-101.91661
345,-16.187256
346,-101.31841
347,-96.81092
348,-97.30881
349,-98.27261
350,-99.82037
351,-97.20338
352,-94.84507
353,-92.98003
354,-98.74452
355,-98.86236
356,-97.68312
357,-93.19792
358,-98.22459
359,-98.78687
360,-102.905365
361,-98.06251
362,-98.41755
363,-95.1955
364,-92.29064
365,-90.9252
366,-89.38233
367,-93.035034
368,-93.96975
369,-98.39401
370,-98.40943
371,-98.31461
372,-97.34805
373,-96.32607
374,-97.37604
375,-93.62561
376,-89.948074
377,-91.22187
378,-91.45712
379,-26.402555
380,-96.81173
381,-97.11071
382,-97.14778
383,-97.81623
384,-92.77022
385,-18.332819
386,-22.282719
387,-31.58478
388,-98.988815
389,-99.84131
390,-134.18968
391,-19.584396
392,-99.739655
393,-23.220354
394,-15.74879
395,-14.318779
396,-100.79877
397,-99.57879
398,-100.494934
399,-94.79052
400,-95.80835
401,-100.38199
402,-102.86954
403,-100.12977
404,-95.88728
405,-97.33237
406,-98.67071
407,-97.76904
408,-20.731817
409,-27.006495
410,-102.34426
411,-104.55901
412,-24.73616
413,-19.189669
414,-26.074162
415,-99.463936
416,-128.28622
417,-98.45668
418,-23.632353
419,-3.491213
420,-16.05909
421,-23.912703
422,-13.310701
423,-25.140934
424,-29.473047
425,-24.323221
426,-32.09788
427,-27.890549
428,-34.77281
429,-26.086166
430,-27.320896
431,-38.442066
432,-42.11166
433,-44.303535
434,-38.44253
435,-100.33559
436,-10.701954
437,-10.686145
438,-98.177826
439,-101.18407
440,-25.29289
441,-104.04304
442,-113.46298
443,-20.00105
444,-14.930491
445,-12.425253
446,-19.411882
447,-45.431446
448,-32.948902
449,-45.97897
450,-8.316109
451,-33.237137
452,-14.521612
453,-21.494785
454,-104.312096
455,-10.799894
456,-8.584343
457,-101.34731
458,-101.45672
459,-100.59761
460,-100.14493
461,-2.671517
462,-8.78974
463,-8.51815
464,-10.486659
465,-116.17553
466,-100.697426
467,-100.910324
468,-105.08673
469,-106.52003
470,-113.17023
471,-23.384472
472,-10.952939
473,-8.637098
474,-7.870324
475,-96.295105
476,-115.095825
477,-102.00299
478,-102.59296
479,-100.5736
480,-106.23591
481,-104.792755
482,-104.90513
483,-109.453255
484,-103.918846
485,-111.79325
486,-108.29442
487,-19.743492
488,-103.94078
489,-106.20235
490,-26.13454
491,-122.9769
492,-110.59131
493,-18.821295
494,-103.79898
495,-101.383705
496,-104.91449
497,-103.153496
498,-100.31577
499,-100.91752
500,-100.582855
501,-101.895
502,-102.22786
503,-99.27464
504,-101.64882
505,-103.00373
506,-100.62304
507,-105.42305
508,-105.304146
509,-103.236855
510,-101.269485
511,-103.84517
512,-114.25467
513,-105.551605
514,-103.44209
515,-102.627335
516,-103.986725
517,-104.26742
518,-103.63929
519,-105.05366
520,-103.902374
521,-103.92579
522,-102.48731
523,-102.08508
524,-101.59412
525,-111.6504
526,-102.58849
527,-102.9397
528,-102.32164
529,-101.594574
530,-102.824524
531,-101.28723
532,-100.36686
533,-98.89842
534,-102.186844
535,-101.340675
536,-104.20673
537,-101.51212
538,-100.57263
539,-99.68554
540,-103.35314
541,-104.09667
542,-102.43249
543,-108.127525
544,-101.768265
545,-99.97333
546,-101.01415
547,-103.72998
548,-107.667534
549,-104.36882
550,-109.27022
551,-105.10153
552,-101.27682
553,-100.17132
554,-101.45919
555,-102.33829
556,-98.41553
557,-102.48259
558,-101.48417
559,-105.62212
560,-104.614075
561,-103.01556
562,-98.44183
563,-98.25144
564,-97.16438
565,-97.79294
566,-102.870514
567,-105.879654
568,-109.21975
569,-101.554596
570,-98.53761
571,-98.26104
572,-102.0024
573,-102.08255
574,-101.42195
575,-91.65848
576,-101.71897
577,-101.79542
578,-101.19122
579,-99.485886
580,-100.45782
581,-96.37308
582,-98.57391
583,-107.26651
584,-103.36535
585,-103.83064
586,-88.03397
587,-98.38501
588,-100.5649
589,-100.134254
590,-102.844345
591,-103.49027
592,-108.670006
593,-97.40858
594,-98.842155
595,-102.776024
596,-100.23613
597,-100.47951
598,-102.2436
599,-16.194181
600,-99.706406
601,-100.67904
602,-103.33417
603,-101.8747
604,-99.53614
605,-102.16249
606,-99.521065
607,-99.83201
608,-99.18973
609,-99.22876
610,-101.53603
611,-24.118984
612,-103.81471
613,-97.38207
614,-100.14479
615,-98.62598
616,-96.23421
617,-101.38589
618,-100.77667
619,-105.054474
620,-95.35603
621,-99.05331
622,-99.66614
623,-16.607758
624,-96.90097
625,-96.87342
626,-96.8357
627,-97.7481
628,-96.75353
629,-103.34017
630,-97.77943
631,-102.588104
632,-97.33446
633,-97.986244
634,-94.94124
635,-94.08824
636,-93.59915
637,-98.79328
638,-97.109695
639,-96.03625
640,-94.78784
641,-99.84827
642,-100.89395
643,-93.64158
644,-94.35437
645,-101.41327
646,-94.55833
647,-95.36489
648,-97.79588
649,-97.35771
650,-93.92487
651,-98.97596
652,-94.671524
653,-97.704216
654,-98.53817
655,-99.83231
656,-97.82904
657,-98.09305
658,-98.096855
659,-97.25884
660,-103.96504
661,-101.74242
662,-98.48458
663,-102.17433
664,-99.82092
665,-100.598694
666,-103.08089
667,-100.21224
668,-95.05326
669,-100.71781
670,-100.350266
671,-102.65751
672,-98.94942
673,-97.59019
674,-101.593796
675,-100.24411
676,-102.26773
677,-25.705303
678,-98.42413
679,-99.95662
680,-97.26714
681,-94.72895
682,-98.62305
683,-98.46408
684,-94.7822
685,-96.145325
686,-19.76254
687,-98.98727
688,-99.30856
689,-97.235535
690,-92.888794
691,-97.58847
692,-95.97017
693,-99.71092
694,-98.6748
695,-98.727
696,-106.884926
697,-98.57479
698,-96.439514
699,-91.21297
700,-95.65624
701,-106.36163
702,-99.39407
703,-100.702614
704,-94.681305
705,-99.77002
706,-100.36765
707,-100.53997
708,-101.71948
709,-100.19432
710,-33.634533
711,-35.49237
712,-101.68514
713,-19.33217
714,-92.18205
715,-103.28442
716,-102.10233
717,-99.96815
718,-17.02674
719,-98.650185
720,-110.72144
721,-94.98107
722,-101.57656
723,-100.09851
724,-104.30136
725,-110.59338
726,-101.725494
727,-34.32254
728,-98.41564
729,-98.71954
730,-99.468544
731,-98.534935
732,-98.66699
733,-100.88192
734,-100.11516
735,-99.55737
736,-98.558266
737,-100.84676
738,-98.34647
739,-98.12754
740,-93.962845
741,-98.98017
742,-101.80177
743,-100.249825
744,-98.90677
745,-95.16095
746,-96.471466
747,-26.539787
748,-25.49315
749,-84.43619
750,-91.43879
751,-99.49632
752,-94.66514
753,-97.2691
754,-90.465034
755,-95.977486
756,-15.346963
757,-13.796033
758,-94.24955
759,-79.26363
760,-90.13518
761,30.516123
762,-94.63645
763,9.897866
764,-91.60635
765,-90.71575
766,-93.11199
767,18.01929
768,-76.66208
769,-99.040474
770,-101.51577
771,-100.02026
772,-99.522514
773,-99.75782
774,-78.48969
775,32.970768
776,14.040797
777,-101.45943
778,-101.09955
779,-3.671982
780,-4.445478
781,-98.99518
782,-102.818405
783,-100.96955
784,-101.31259
785,-105.47697
786,-15.085776
787,-15.87196
788,-9.306051
789,-100.33727
790,-101.06286
791,-31.537792
792,-34.44
793,-88.775604
794,-103.88698
795,-103.91126
796,-101.554955
797,-101.38478
798,3.0161269
799,17.045303
800,-103.618675
801,-103.52817
802,8.809257
803,5.9195857
804,14.903919
805,-102.418144
806,-41.712883
807,-101.79543
808,-103.218506
809,-101.02869
810,1.2752651
811,-5.4382
812,-101.6449
813,-103.11323
814,-102.93156
815,-99.66632
816,-101.76372
817,-102.36263
818,-102.515755
819,-101.68229
820,-101.28877
821,-107.56944
822,-103.071945
823,-101.24605
824,-101.196815
825,21.24998
826,-89.605705
827,-100.21201
828,-100.42795
829,12.717432
830,-98.717735
831,-102.88848
832,-101.73534
833,-89.753525
834,-118.378815
835,-79.671326
836,-74.83493
837,-82.10105
838,-92.6432
839,12.757952
840,42.434967
841,-77.43823
842,-102.06298
843,-102.58326
844,-101.59665
845,20.54093
846,-99.58154
847,-101.46722
848,-101.89049
849,-102.0292
850,-102.27435
851,22.151428
852,12.069524
853,8.808456
854,14.601167
855,-88.979614
856,32.556732
857,19.564808
858,12.92289
859,17.666668
860,-81.98492
861,-77.3111
862,-2.603218
863,10.293101
864,27.006153
865,30.125875
866,30.381567
867,14.457249
868,13.322558
869,21.891102
870,-100.10089
871,-102.39168
872,24.36448
873,19.195549
874,34.792202
875,-76.07899
876,-131.04135
877,9.739905
878,27.39671
879,16.66408
880,30.741278
881,36.43893
882,-113.69664
883,-83.61491
884,20.535818
885,-94.01816
886,-97.487175
887,-93.772194
888,22.457174
889,27.965618
890,-83.51241
891,-121.725426
892,-101.70765
893,-101.709206
894,-99.02058
895,-81.990585
896,-88.51968
897,31.458439
898,29.076208
899,38.942
900,-49.867115
901,-98.08165
902,-60.48924
903,-82.49516
904,-106.326996
905,41.585476
906,39.95717
907,37.43041
908,44.531258
909,-73.40275
910,-78.39888
911,43.490143
912,-86.12096
913,-85.27924
914,-86.06478
915,-55.04089
916,-70.18459
917,-83.38548
918,-83.91478
919,-87.18297
920,-76.53501
921,-68.69437
922,-79.67831
923,-97.56379
924,-69.994026
925,-75.96999
926,-99.54252
927,-86.383224
928,50.70138
929,-87.22934
930,49.673954
931,5.8366942
932,1.9701346
933,47.124714
934,-94.76217
935,-102.18869
936,-75.09312
937,42.844147
938,-67.939445
939,-92.15062
940,69.300316
941,-78.52666
942,-94.64498
943,-82.00812
944,-76.99401
945,16.343819
946,-2.0980759
947,32.48039
948,-86.76542
949,33.100773
950,42.339676
951,-67.554016
952,51.19123
953,44.491905
954,-77.830864
955,48.409573
956,-70.60959
957,-88.83241
958,41.93468
959,29.902914
960,-104.50187
961,-108.09547
962,-104.65003
963,-103.84727
964,-68.23631
965,-34.54068
966,-102.580315
967,-106.187546
968,-112.65568
969,-115.62813
970,-117.77678
971,-105.49418
972,-103.87884
973,-55.69971
974,-87.3529
975,51.975056
976,35.353954
977,-70.32713
978,45.387424
979,37.020847
980,39.753
981,49.080616
982,36.972588
983,25.523941
984,38.185013
985,-72.97037
986,-82.57337
987,-91.436646
988,56.380646
989,46.4124
990,-80.159256
991,48.99323
992,32.563404
993,37.54965
994,-28.040932
995,26.379118
996,35.676422
997,36.98278
998,34.441032
999,30.792564
1000,53.63082
1001,-99.66169
1002,31.159513
1003,33.000763
1004,36.90538
1005,35.872444
1006,37.122982
1007,34.94411
1008,-83.08914
1009,-77.77568
1010,14.127201
1011,39.44737
1012,43.15728
1013,41.24159
1014,46.285477
1015,41.338013
1016,51.430145
1017,-71.88741
1018,-70.7565
1019,37.726425
1020,-72.55322
1021,-68.8382
1022,30.908915
1023,-72.1167
1024,37.59186
1025,32.200626
1026,19.019848
1027,24.217897
1028,32.051132
1029,-74.97697
1030,-85.02777
1031,-90.62612
1032,-69.422195
1033,44.85586
1034,44.73717
1035,-101.75372
1036,-100.43146
1037,-67.39406
1038,-93.32599
1039,14.980921
1040,-84.330734
1041,37.030693
1042,37.656757
1043,11.523428
1044,34.062138
1045,39.858902
1046,33.807785
1047,35.25683
1048,-95.20878
1049,43.893867
1050,27.5269
1051,-88.6502
1052,-74.88719
1053,-101.86732
1054,18.57504
1055,-84.17467
1056,-77.13535
1057,41.51851
1058,27.543272
1059,32.14283
1060,29.164062
1061,36.637623
1062,-84.94509
1063,26.729883
1064,-95.83954
1065,-57.25158
1066,-55.292667
1067,28.654985
1068,39.689484
1069,38.01936
1070,-78.40501
1071,44.030617
1072,-103.934975
1073,52.98202
1074,43.644512
1075,40.21518
1076,-79.44905
1077,-103.49071
1078,-104.26552
1079,-99.2734
1080,43.433346
1081,-100.75352
1082,46.20205
1083,-77.723175
1084,54.71229
1085,-89.86428
1086,41.382225
1087,-79.11032
1088,-104.875465
1089,-98.93154
1090,27.534279
1091,39.221703
1092,34.963375
1093,45.332657
1094,42.18029
1095,36.216682
1096,33.267506
1097,37.51287
1098,44.392654
1099,37.08289
1100,42.142654
1101,-100.65933
1102,-76.88438
1103,-67.946014
1104,48.239937
1105,-72.47879
1106,37.007473
1107,39.729794
1108,36.946598
1109,39.440105
1110,29.021711
1111,33.80126
1112,32.296803
1113,-102.32387
1114,41.21522
1115,36.802624
1116,39.18869
1117,36.338337
1118,-99.18202
1119,-104.35495
1120,46.08827
1121,-63.6154
1122,-98.35918
1123,40.954212
1124,33.177128
1125,46.867603
1126,-87.61185
1127,-97.61827
1128,38.122864
1129,-94.80728
1130,-99.616776
1131,38.986885
1132,30.569284
1133,44.320583
1134,40.37328
1135,-96.939644
1136,41.891106
1137,46.561775
1138,-97.48812
1139,50.66307
1140,-92.426704
1141,44.669556
1142,46.053402
1143,39.77377
1144,-95.84297
1145,-100.27937
1146,-95.39317
1147,58.26269
1148,45.859398
1149,29.3864
1150,38.738503
1151,-95.846436
1152,-68.90927
1153,-95.617
1154,-94.55546
1155,-84.21602
1156,-80.838715
1157,36.104713
1158,35.176804
1159,35.63678
1160,44.025753
1161,38.691254
1162,36.313385
1163,41.329456
1164,-85.0161
1165,-65.886734
1166,38.70934
1167,27.0464
1168,23.250383
1169,42.96486
1170,37.057575
1171,34.667522
1172,35.549633
1173,-106.16429
1174,42.611046
1175,31.677263
1176,-102.41362
1177,34.75029
1178,-94.82798
1179,46.768612
1180,51.299606
1181,53.8822
1182,-96.08958
1183,-76.62587
1184,-76.80911
1185,-68.42761
1186,54.128048
1187,48.135857
1188,30.176296
1189,28.221182
1190,21.612509
1191,32.751595
1192,-68.03998
1193,-77.7258
1194,-95.33388
1195,36.26563
1196,39.68184
1197,41.740196
1198,30.287954
1199,37.834072
1200,31.570118
1201,32.5188
1202,-63.127743
1203,24.069517
1204,10.067526
1205,-31.456244
1206,25.96269
1207,24.3932
1208,28.218016
1209,42.945713
1210,41.59493
1211,-90.74019
1212,33.32599
1213,39.332813
1214,42.766262
1215,43.328953
1216,33.29427
1217,-91.913864
1218,44.055035
1219,55.962463
1220,31.414536
1221,29.698385
1222,31.359478
1223,54.126255
1224,-93.43038
1225,40.83
1226,46.354553
1227,54.5461
1228,44.144558
1229,44.542206
1230,52.997715
1231,47.714607
1232,48.818268
1233,54.077488
1234,57.316322
1235,52.117706
1236,60.331238
1237,59.942955
1238,49.627
1239,54.237934
1240,-51.866493
1241,67.687775
1242,58.69032
1243,49.116924
1244,53.883213
1245,-74.795685
1246,50.897697
1247,-80.09601
1248,39.97263
1249,-90.69091
1250,62.385532
1251,-100.21632
1252,55.838108
1253,44.048996
1254,40.868576
1255,71.93328
1256,55.31675
1257,53.70309
1258,57.111572
1259,65.9097
1260,63.684185
1261,-76.52618
1262,-62.042377
1263,-48.883003
1264,-100.427864
1265,65.044334
1266,-93.40898
1267,-97.233086
1268,-102.30694
1269,-73.568085
1270,65.430275
1271,-106.6188
1272,-103.03114
1273,-101.8839
1274,-100.132225
1275,63.83606
1276,44.09472
1277,66.64368
1278,-65.108665
1279,-60.22397
1280,-84.68295
1281,-99.962776
1282,-90.6711
1283,-76.14613
1284,56.835182
1285,41.715286
1286,46.062263
1287,73.12937
1288,53.802273
1289,-93.71993
1290,53.37108
1291,39.45208
1292,60.11323
1293,51.444584
1294,48.464916
1295,63.890533
1296,48.684254
1297,49.63332
1298,45.263416
1299,60.87139
1300,55.94001
1301,46.557404
1302,28.662603
1303,41.432976
1304,-94.52608
1305,48.21538
1306,45.953213
1307,-63.90039
1308,-61.431713
1309,-97.78329
1310,58.204746
1311,57.20152
1312,43.740818
1313,56.129852
1314,64.01805
1315,-45.568016
1316,64.48923
1317,44.476524
1318,51.6695
1319,66.54559
1320,63.499687
1321,-53.39319
1322,49.00246
1323,63.169044
1324,-63.78253
1325,68.80648
1326,-35.568428
1327,65.82013
1328,-77.10352
1329,73.74173
1330,73.20686
1331,-91.39718
1332,-93.79574
1333,-96.67028
1334,-79.326195
1335,-82.41461
1336,66.732414
1337,62.51708
1338,62.028625
1339,-102.559944
1340,58.633724
1341,66.03598
1342,-106.0356
1343,-88.206505
1344,-97.719864
1345,-74.689415
1346,-94.74597
1347,66.23658
1348,58.018925
1349,56.359543
1350,66.24944
1351,64.567856
1352,68.25817
1353,63.90438
1354,68.286125
1355,68.1109
1356,-104.0953
1357,-67.32285
1358,-94.39569
1359,56.06474
1360,-71.2496
1361,68.5458
1362,73.76295
1363,-101.38189
1364,-101.71527
1365,-65.23453
1366,65.149605
1367,-101.169945
1368,-86.050896
1369,-56.303574
1370,68.7411
1371,78.78395
1372,-97.53481
1373,-88.889435
1374,74.77341
1375,-104.25749
1376,-70.983765
1377,-100.26158
1378,70.60941
1379,-89.00367
1380,69.84921
1381,69.21876
1382,74.11383
1383,-72.09913
1384,-56.591393
1385,64.759415
1386,-69.30857
1387,-67.82177
1388,-37.572598
1389,-56.5827
1390,81.48898
1391,-51.386856
1392,-52.292095
1393,-56.64975
1394,-57.58205
1395,-50.513268
1396,-53.351536
1397,69.849335
1398,-57.388588
1399,60.417046
1400,63.547016
1401,-55.46574
1402,-68.10405
1403,67.45596
1404,70.01809
1405,73.82481
1406,70.179276
1407,-76.82471
1408,-67.18316
1409,74.321846
1410,-53.29466
1411,-83.83977
1412,86.06421
1413,-67.71677
1414,-69.470276
1415,-80.009026
1416,-79.54266
1417,66.36945
1418,-70.97725
1419,-58.518585
1420,-97.68737
1421,-95.94956
1422,-74.991135
1423,66.90753
1424,61.54065
1425,57.470284
1426,72.7162
1427,-69.72317
1428,-50.019817
1429,69.182106
1430,-48.805073
1431,-55.94696
1432,81.304474
1433,82.43566
1434,77.82317
1435,70.653206
1436,-90.19247
1437,-54.257366
1438,86.94088
1439,-27.163818
1440,-77.82039
1441,-66.41586
1442,-50.986916
1443,-42.714554
1444,53.248318
1445,-80.07106
1446,-89.020836
1447,-50.74825
1448,71.048515
1449,79.12508
1450,-38.675262
1451,78.545425
1452,75.24551
1453,-82.668564
1454,-28.302612
1455,-33.52439
1456,63.909092
1457,66.42958
1458,65.113174
1459,-47.025867
1460,72.97768
1461,73.04237
1462,77.03492
1463,-86.15179
1464,-55.119503
1465,-84.39653
1466,-78.571846
1467,83.19263
1468,68.49659
1469,-58.1681
1470,73.06234
1471,-63.150745
1472,-96.79733
1473,-78.121284
1474,-78.102844
1475,75.29813
1476,-60.67159
1477,-32.886436
1478,-38.102947
1479,68.887596
1480,-40.19271
1481,-43.72006
1482,81.09175
1483,-70.86122
1484,-72.71905
1485,65.30579
1486,40.600155
1487,34.9995
1488,-85.19166
1489,-93.37052
1490,-82.325165
1491,-85.61437
1492,-22.155624
1493,-53.13544
1494,36.85471
1495,29.951498
1496,35.295654
1497,52.824787
1498,53.872265
1499,69.719185
1500,-93.510994
1501,-40.834976
1502,42.613052
1503,19.772526
1504,-12.614087
1505,68.59876
1506,35.516243
1507,-64.55013
1508,-69.80696
1509,-30.570457
1510,-62.682102
1511,-64.93733
1512,-33.606667
1513,-96.35662
1514,-80.028595
1515,-82.48912
1516,-83.25324
1517,-55.089283
1518,40.605946
1519,71.31319
1520,-82.965385
1521,-46.703537
1522,-89.71431
1523,-84.45132
1524,-62.052307
1525,-72.559204
1526,-90.993164
1527,-100.3981
1528,54.885128
1529,-75.453156
1530,71.16718
1531,27.9723
1532,-90.638115
1533,25.556576
1534,37.599865
1535,40.03391
1536,84.124565
1537,64.07137
1538,51.467876
1539,49.00216
1540,46.372448
1541,-72.28571
1542,-56.987713
1543,-65.05388
1544,-23.600845
1545,-25.580612
1546,-36.952747
1547,-67.932045
1548,64.90178
1549,52.36883
1550,-54.46997
1551,-41.4611
1552,-51.63697
1553,-61.432617
1554,75.90729
1555,-58.852303
1556,-80.45738
1557,-65.47708
1558,-38.13097
1559,-33.627007
1560,-72.944115
1561,-102.95601
1562,-72.48566
1563,-28.964119
1564,-88.984184
1565,-61.3589
1566,-76.95932
1567,-60.74342
1568,-40.0335
1569,-51.669083
1570,83.93136
1571,83.79822
1572,-43.249603
1573,85.50809
1574,-53.300373
1575,-57.636143
1576,-70.00683
1577,-22.213936
1578,-80.87045
1579,-75.50708
1580,-51.27553
1581,-79.68111
1582,-59.022705
1583,-61.837967
1584,-77.064606
1585,-79.11657
1586,-96.27162
1587,-77.04093
1588,-81.33314
1589,-95.76297
1590,-89.72818
1591,-82.26834
1592,-75.70893
1593,-20.366394
1594,-83.09887
1595,-96.49672
1596,-81.928665
1597,-97.17952
1598,-72.280655
1599,-85.36003
1600,-51.45375
1601,-100.238976
1602,-100.00699
1603,-97.7027
1604,-88.28519
1605,-88.954445
1606,-56.86537
1607,-28.955795
1608,-49.510525
1609,-66.5195
1610,-61.30863
1611,-26.735298
1612,-80.922325
1613,-87.480865
1614,-65.84004
1615,-66.90181
1616,-46.09363
1617,-95.94993
1618,-90.011185
1619,-86.87743
1620,81.678474
1621,-34.844948
1622,-78.495346
1623,-64.9292
1624,-94.88325
1625,-90.62113
1626,-85.69282
1627,-98.966644
1628,-99.29679
1629,-60.24402
1630,-63.655514
1631,-51.180454
1632,-69.70987
1633,-102.420296
1634,-106.37575
1635,-86.567055
1636,-81.09836
1637,-89.49266
1638,-79.5856
1639,-86.712395
1640,-66.82889
1641,-77.9376
1642,-97.39964
1643,-90.63849
1644,-71.623215
1645,-71.369354
1646,-65.703354
1647,-96.57119
1648,-98.46747
1649,-88.357605
1650,-103.53662
1651,-81.05745
1652,-105.133575
1653,-74.52187
1654,-83.19297
1655,-85.65494
1656,-93.29035
1657,-87.29814
1658,-73.7445
1659,-83.351974
1660,-79.07352
1661,-90.27353
1662,-67.744316
1663,-85.46193
1664,-77.38281
1665,-69.58184
1666,-93.4768
1667,-101.167404
1668,-71.94388
1669,-100.715935
1670,-72.64235
1671,-77.75553
1672,-108.24549
1673,-80.2445
1674,-92.683876
1675,-90.55658
1676,-85.72854
1677,-69.88319
1678,-96.67589
1679,-88.73165
1680,-67.41344
1681,-75.857216
1682,-86.7915
1683,-82.347855
1684,-75.546646
1685,-67.18692
1686,-77.997406
1687,-89.85572
1688,-94.02665
1689,-88.0982
1690,-83.35217
1691,-95.34217
1692,-63.864346
1693,-84.66891
1694,-72.09373
1695,-87.9579
1696,-83.330345
1697,-94.3354
1698,-85.41864
1699,-96.23604
1700,-94.60349
1701,-61.417404
1702,-104.95318
1703,-101.63465
1704,-104.968544
1705,-101.39569
1706,-101.05647
1707,-104.30263
1708,-96.99458
1709,-103.2467
1710,-98.31101
1711,-98.40338
1712,-104.07816
1713,-101.76731
1714,-99.88245
1715,-95.9976
1716,-102.4896
1717,-99.06107
1718,-97.11538
1719,-104.192215
1720,-102.16569
1721,-95.41771
1722,-100.867386
1723,-103.37929
1724,-102.947136
1725,-102.67559
1726,-104.291245
1727,-96.57595
1728,-98.56724
1729,-104.211395
1730,-106.527306
1731,-105.53693
1732,-105.90277
1733,-104.935
1734,-102.69177
1735,-103.89761
1736,-100.84068
1737,-99.96607
1738,-100.57458
1739,-101.44251
1740,-103.54093
1741,-102.60028
1742,-103.26378
1743,-103.42446
1744,-103.58788
1745,-103.05064
1746,-104.06001
1747,-102.46138
1748,-102.95954
1749,-101.731186
1750,-102.809395
1751,-102.01999
1752,-102.670204
1753,-101.65743
1754,-102.65092
1755,-101.55566
1756,-102.11441
1757,-103.29111
1758,-102.99191
1759,-103.48479
1760,-103.62357
1761,-103.59433
1762,-103.92728
1763,-104.006966
1764,-104.579704
1765,-110.3241
1766,-102.885704
1767,-103.72136
1768,-103.108826
1769,-103.036575
1770,-103.63181
1771,-102.78272
1772,-103.427765
1773,-103.196556
1774,-102.42828
1775,-103.60934
1776,-102.47644
1777,-103.53143
1778,-101.11858
1779,-100.92646
1780,-102.73835
1781,-100.94801
1782,-103.459946
1783,-101.896286
1784,-101.67042
1785,-102.67812
1786,-103.371086
1787,-103.5458
1788,-103.94894
1789,-102.27727
1790,-105.0163
1791,-104.050835
1792,-101.23029
1793,-101.582085
1794,-103.97363
1795,-101.08572
1796,-101.00238
1797,-101.84126
1798,-101.35751
1799,-107.62024
1800,-100.813934
1801,-102.05709
1802,-101.485855
1803,-106.24355
1804,-102.541115
1805,-102.29341
1806,-103.50362
1807,-100.70579
1808,-101.30382
1809,-99.6244
1810,-100.77911
1811,-103.82566
1812,-101.94139
1813,-102.43156
1814,-100.96908
1815,-100.51622
1816,-99.94037
1817,-102.29042
1818,-100.36101
1819,-101.02282
1820,-100.42113
1821,-101.71433
1822,-100.42756
1823,-101.68289
1824,-100.44364
1825,-102.398895
1826,-100.95189
1827,-103.32746
1828,-103.39264
1829,-103.06887
1830,-101.545044
1831,-100.45005
1832,-102.56089
1833,-102.218704
1834,-100.73958
1835,-101.45955
1836,-101.49197
1837,-102.356606
1838,-101.29183
1839,-102.21916
1840,-102.576866
1841,-102.63084
1842,-102.40009
1843,-102.35583
1844,-101.35752
1845,-101.96784
1846,-102.06141
1847,-102.52355
1848,-100.95797
1849,-102.56727
1850,-102.27618
1851,-103.439865
1852,-101.583115
1853,-101.337654
1854,-105.33994
1855,-108.0653
1856,-101.540184
1857,-108.013084
1858,-104.5006
1859,-102.16666
1860,-108.31776
1861,-104.40263
1862,-105.06496
1863,-105.955765
1864,-109.867386
1865,-103.89558
1866,-104.69681
1867,-101.917114
1868,-104.90576
1869,-104.10265
1870,-105.16171
1871,-101.06017
1872,-106.88446
1873,-101.958755
1874,-103.86979
1875,-107.97027
1876,-101.345505
1877,-100.939804
1878,-101.183556
1879,-107.35831
1880,-110.50516
1881,-110.126335
1882,-110.96793
1883,-110.9901
1884,-111.12983
1885,-110.742546
1886,-110.87787
1887,-109.23263
1888,-108.31726
1889,-107.411674
1890,-106.71821
1891,-108.53888
1892,-110.0974
1893,-109.91081
1894,-112.70366
1895,-111.64731
1896,-111.79807
1897,-111.754395
1898,-112.068634
1899,-112.1644
1900,-111.51625
1901,-111.87505
1902,-109.11009
1903,-109.819336
1904,-111.03031
1905,-110.19749
1906,-108.43645
1907,-109.19675
1908,-108.997826
1909,-106.55917
1910,-107.664
1911,-111.955154
1912,-111.00787
1913,-111.26469
1914,-110.42051
1915,-110.071304
1916,-108.816765
1917,-109.56597
1918,-111.62631
1919,-110.51917
1920,-106.6695
1921,-109.04779
1922,-106.19425
1923,-104.18835
1924,-111.09958
1925,-111.7714
1926,-110.762054
1927,-110.64178
1928,-110.54393
1929,-107.747025
1930,-105.87617
1931,-108.0164
1932,-109.897064
1933,-109.34767
1934,-107.592705
1935,-107.857185
1936,-116.04765
1937,-108.64111
1938,-109.8678
1939,-110.54922
1940,-110.480705
1941,-110.21031
1942,-109.539474
1943,-105.64187
1944,-103.46277
1945,-108.108574
1946,-108.974495
1947,-109.36156
1948,-110.16221
1949,-109.286766
1950,-106.7509
1951,-108.726814
1952,-108.64032
1953,-110.110535
1954,-116.887314
1955,-108.686874
1956,-107.17895
1957,-110.30903
1958,-109.15317
1959,-110.42058
1960,-109.81012
1961,-109.519295
1962,-110.239876
1963,-109.92417
1964,-108.97182
1965,-109.95435
1966,-109.76017
1967,-109.64689
1968,-109.58913
1969,-110.74965
1970,-110.1033
1971,-109.83546
1972,-108.34343
1973,-108.87935
1974,-107.18355
1975,-108.25891
1976,-109.08009
1977,-107.47822
1978,-107.84432
1979,-110.16395
1980,-108.06983
1981,-109.12967
1982,-109.49752
1983,-107.758675
1984,-110.83401
1985,-108.30086
1986,-112.38122
1987,-109.04591
1988,-104.84141
1989,-108.28648
1990,-104.930336
1991,-107.52513
1992,-110.70695
1993,-109.891624
1994,-109.19096
1995,-104.71713
1996,-108.61401
1997,-107.15125
1998,-107.86499
1999,-106.781746
2000,-107.15423
2001,-104.15084
2002,-104.72424
2003,-111.11089
2004,-111.11687
2005,-106.69682
2006,-106.34062
2007,-114.01907
2008,-103.49588
2009,-106.44762
2010,-104.11729
2011,-106.61491
2012,-103.13488
2013,-104.69518
2014,-102.80481
2015,-105.12456
2016,-103.61271
2017,-102.37961
2018,-105.66812
2019,-105.19934
2020,-100.74339
2021,-104.112114
2022,-102.90846
2023,-104.4938
2024,-104.28064
2025,-104.18157
2026,-102.34448
2027,-104.26429
2028,-101.93908
2029,-102.22127
2030,-101.98984
2031,-97.19005
2032,-102.35089
2033,-102.52671
2034,-109.15228
2035,-104.03722
2036,-100.11816
2037,-105.675995
2038,-104.726364
2039,-107.18446
2040,-104.13447
2041,-106.364655
2042,-106.99132
2043,-109.15755
2044,-106.35035
2045,-32.587925
2046,-106.67477
2047,-114.07439
2048,-105.99024
2049,-112.91159
2050,-19.022835
2051,-105.171616
2052,-104.70261
2053,-22.942211
2054,-102.562805
2055,-102.48763
2056,-98.620766
2057,-98.78188
2058,-100.8864
2059,-101.07534
2060,-101.28821
2061,-102.95947
2062,-106.88561
2063,-105.001854
2064,-101.99998
2065,-101.7298
2066,-98.34495
2067,-104.95311
2068,-102.854195
2069,-100.69845
2070,-104.96298
2071,-114.44725
2072,-107.78712
2073,-102.561356
2074,-107.27996
2075,-106.47857
2076,-101.49544
2077,-111.87954
2078,-104.7522
2079,-105.34848
2080,-108.316574
2081,-103.468376
2082,-100.197624
2083,-109.35092
2084,-107.5578
2085,-104.410736
2086,-103.7495
2087,-106.42785
2088,-105.31121
2089,-106.45107
2090,-102.26486
2091,-100.495575
2092,-101.574814
2093,-103.27067
2094,-102.01841
2095,-102.800026
2096,-106.36738
2097,-104.880905
2098,-102.811615
2099,-104.73578
2100,-104.99089
2101,-105.16582
2102,-101.79942
2103,-103.37527
2104,-102.988075
2105,-102.834755
2106,-103.625114
2107,-103.68928
2108,-103.00019
2109,-104.58926
2110,-102.99961
2111,-102.66986
2112,-103.979904
2113,-102.30403
2114,-102.65509
2115,-105.230606
2116,-93.828094
2117,-102.18388
2118,-100.57358
2119,-98.700096
2120,-100.44519
2121,-102.80517
2122,-101.49193
2123,-98.30065
2124,-105.248085
2125,-103.09616
2126,-102.12501
2127,-100.77086
2128,-99.774925
2129,-102.61819
2130,-104.97572
2131,-105.137474
2132,-98.863205
2133,-95.6905
2134,-98.27282
2135,-104.47466
2136,-92.010635
2137,-96.87544
2138,-95.7209
2139,-97.74021
2140,-98.23694
2141,-102.32464
2142,-103.99622
2143,-101.545105
2144,-93.926025
2145,-105.42361
2146,-102.64278
2147,-95.622765
2148,-97.70689
2149,-99.339325
2150,-99.449295
2151,-95.8749
2152,-95.09959
2153,-99.55135
2154,-96.67804
2155,-93.73402
2156,-94.669525
2157,-100.57216
2158,-99.10958
2159,-93.52824
2160,-112.66614
2161,-95.484695
2162,-91.323494
2163,-103.30913
2164,-96.27226
2165,-95.35948
2166,-100.3315
2167,-99.4019
2168,-101.6045
2169,-91.0872
2170,-97.41406
2171,-95.61582
2172,-104.55267
2173,-97.90711
2174,-92.05471
2175,-92.113914
2176,-98.9709
2177,-96.39868
2178,-101.30468
2179,-95.80909
2180,-92.111595
2181,-101.55246
2182,-95.972275
2183,-93.71565
2184,-101.127365
2185,-102.33945
2186,-105.487434
2187,-96.87344
2188,-99.62982
2189,-95.64559
2190,-93.13433
2191,-92.36589
2192,-95.26611
2193,-97.042946
2194,-97.64445
2195,-89.83006
2196,-93.36434
2197,-94.604614
2198,-94.0974
2199,-94.1352
2200,-76.144554
2201,-95.531364
2202,-101.99289
2203,-82.07499
2204,-91.902336
2205,-96.27682
2206,-89.52057
2207,-86.72987
2208,-92.1849
2209,-93.65441
2210,-83.99955
2211,-86.31327
2212,-89.20684
2213,-90.524925
2214,-86.983795
2215,-93.79991
2216,-97.75061
2217,-96.98584
2218,-87.65896
2219,-100.544754
2220,-94.00481
2221,-90.34449
2222,-94.8406
2223,-101.34653
2224,-100.507935
2225,-94.29546
2226,-97.23456
2227,-95.706635
2228,-94.20986
2229,-94.06895
2230,-86.82246
2231,-88.295334
2232,-91.75606
2233,-91.45925
2234,-83.92688
2235,-90.959724
2236,-96.21445
2237,-95.53943
2238,-84.59335
2239,-95.238434
2240,-96.1349
2241,-86.71884
2242,-90.317764
2243,-89.859116
2244,-95.28673
2245,-97.14457
2246,-92.4717
2247,-86.357796
2248,-84.1123
2249,-88.5127
2250,-87.3622
2251,-90.048225
2252,-90.06609
2253,-100.42061
2254,-93.91308
2255,-81.93755
2256,-75.68696
2257,-88.104904
2258,-93.260796
2259,-102.13837
2260,-91.041664
2261,-93.5145
2262,-98.482475
2263,-98.6028
2264,-90.757416
2265,-101.0511
2266,-91.702576
2267,-101.756615
2268,-99.30429
2269,-90.80435
2270,-95.31807
2271,-92.078514
2272,-96.06576
2273,-92.168236
2274,-95.21208
2275,-85.97839
2276,-96.762276
2277,-89.29577
2278,-84.56325
2279,-92.878395
2280,-80.1591
2281,-87.44645
2282,-88.83293
2283,-83.79871
2284,-92.741455
2285,-88.73204
2286,-87.95975
2287,-75.48675
2288,-84.63603
2289,-93.2517
2290,-87.57899
2291,-86.76055
2292,-78.94769
2293,-91.089294
2294,-92.6545
2295,-101.00846
2296,-90.337906
2297,-84.26541
2298,-80.67059
2299,-92.764305
2300,-95.38847
2301,-84.092285
2302,-89.59017
2303,-88.06149
2304,-90.818344
2305,-89.74957
2306,-88.54673
2307,-93.65925
2308,-92.61537
2309,-97.3576
2310,-90.64336
2311,-95.554825
2312,-95.74155
2313,-95.008766
2314,-98.97409
2315,-102.19998
2316,-86.521515
2317,-79.47233
2318,-95.86586
2319,-96.86467
2320,-104.189705
2321,-96.07923
2322,-98.144554
2323,-88.72693
2324,-97.22023
2325,-90.90281
2326,-103.396614
2327,-98.26513
2328,-96.83295
2329,-79.961075
2330,-80.30252
2331,-76.69244
2332,-92.391106
2333,-87.58659
2334,-58.481033
2335,-88.20221
2336,-59.72337
2337,-84.454025
2338,-78.93754
2339,48.01911
2340,-80.04234
2341,-83.315094
2342,-86.12824
2343,-49.66002
2344,-63.301502
2345,-81.153465
2346,-79.45603
2347,-74.82738
2348,-110.829124
2349,-94.19954
2350,-78.76194
2351,-89.429306
2352,-91.30481
2353,-118.22366
2354,-108.27672
2355,-74.47043
2356,-87.78679
2357,-65.91785
2358,-63.508244
2359,-42.25176
2360,-41.580845
2361,-61.854908
2362,-71.55723
2363,-58.970318
2364,-71.51397
2365,-107.685814
2366,-96.644264
2367,-78.889206
2368,-50.242252
2369,-90.09173
2370,-4.3025403
2371,-70.06798
2372,-84.07436
2373,-86.45715
2374,-87.27708
2375,-87.094574
2376,-73.1792
2377,-86.33354
2378,-113.64945
2379,-89.27822
2380,-93.970955
2381,-91.26213
2382,-91.538345
2383,-90.69078
2384,-94.12091
2385,-87.011185
2386,-88.25139
2387,-90.20225
2388,-94.240585
2389,-91.63559
2390,-94.76552
2391,-93.24614
2392,-89.528786
2393,-93.49629
2394,-103.907364
2395,-97.02076
2396,-98.03625
2397,-106.6322
2398,-88.42195
2399,-93.68012
2400,-95.6504
2401,-94.34235
2402,-114.40583
2403,-92.49972
2404,-92.66288
2405,-96.505005
2406,-96.89343
2407,-90.38865
2408,-96.62534
2409,-94.06121
2410,-90.99606
2411,-93.79712
2412,-92.78804
2413,-92.17497
2414,-98.207214
2415,-97.09589
2416,-96.83719
2417,-106.34387
2418,-85.193954
2419,-87.16299
2420,-90.07466
2421,-91.51928
2422,-87.02155
2423,-92.0849
2424,-81.4017
2425,-92.17564
2426,-91.06217
2427,-87.91148
2428,-94.5993
2429,-93.22671
2430,-98.223755
2431,-92.880264
2432,-87.48522
2433,-87.550865
2434,-90.42846
2435,-88.741486
2436,-95.07947
2437,-90.58396
2438,-93.38893
2439,-96.507805
2440,-97.155624
2441,-99.591995
2442,-95.14628
2443,-91.3442
2444,-94.682045
2445,-89.80693
2446,-95.67598
2447,-95.20711
2448,-95.03622
2449,-89.721886
2450,-68.78344
2451,-86.374596
2452,-58.800083
2453,-63.70946
2454,47.201996
2455,58.142952
2456,-69.57673
2457,-41.531033
2458,-75.85352
2459,-72.57827
2460,-65.05373
2461,-76.40326
2462,49.136265
2463,52.627003
2464,56.513554
2465,-68.605736
2466,54.828495
2467,58.858543
2468,-58.245968
2469,-53.361946
2470,-53.588573
2471,30.37391
2472,58.220303
2473,43.547417
2474,43.278297
2475,41.90152
2476,51.71243
2477,-78.80464
2478,-52.292133
2479,65.58974
2480,49.606358
2481,33.097088
2482,-76.01894
2483,43.265476
2484,53.25128
2485,-61.976585
2486,43.540413
2487,29.401955
2488,58.522556
2489,48.226746
2490,28.369059
2491,53.71756
2492,47.759556
2493,-54.876358
2494,-46.28504
2495,24.883091
2496,-64.3535
2497,-71.79335
2498,47.106583
2499,37.070183
2500,-67.766174
2501,37.43465
2502,-70.76435
2503,-79.63651
2504,-88.36392
2505,-74.182076
2506,-48.66459
2507,-45.10842
2508,40.516727
2509,27.504663
2510,-53.677692
2511,48.560146
2512,51.156143
2513,32.468517
2514,34.535778
2515,46.329453
2516,-79.595505
2517,51.83251
2518,-48.373882
2519,51.339325
2520,-65.79388
2521,-68.863976
2522,-84.659645
2523,-80.338036
2524,-61.55059
2525,78.393456
2526,57.334766
2527,45.91173
2528,29.531725
2529,39.66571
2530,54.916706
2531,-45.17297
2532,-63.010307
2533,49.34174
2534,37.407314
2535,32.810276
2536,44.438904
2537,-43.59871
2538,25.292751
2539,30.44384
2540,-71.762146
2541,41.01436
2542,60.196835
2543,-61.981533
2544,-98.32173
2545,-98.815575
2546,-58.35555
2547,44.017563
2548,27.830511
2549,45.450424
2550,45.489918
2551,36.282455
2552,40.924942
2553,37.257458
2554,41.66911
2555,41.92024
2556,52.238747
2557,-35.69912
2558,-62.533096
2559,57.648865
2560,44.363266
2561,34.476902
2562,39.148865
2563,24.89697
2564,28.34679
2565,43.227192
2566,-61.45884
2567,-40.98522
2568,74.53751
2569,-43.465675
2570,70.210396
2571,64.77339
2572,44.192352
2573,31.678854
2574,65.53384
2575,-70.687225
2576,-71.02865
2577,-51.134872
2578,51.347603
2579,37.101215
2580,57.128376
2581,68.247955
2582,-67.79039
2583,-93.66834
2584,-61.817688
2585,65.625885
2586,65.41773
2587,-70.32753
2588,-62.01925
2589,-61.895973
2590,-86.204094
2591,-49.551426
2592,-54.90242
2593,-61.548687
2594,-50.627922
2595,63.053463
2596,63.21077
2597,50.999542
2598,-50.323307
2599,-78.0102
2600,-87.63383
2601,-77.29035
2602,-73.443825
2603,-75.09813
2604,-61.391865
2605,55.891106
2606,-60.26511
2607,-82.71148
2608,-67.824295
2609,72.068115
2610,-75.26832
2611,-79.46228
2612,-77.94484
2613,-80.65883
2614,-74.513664
2615,-79.62486
2616,-61.63891
2617,-62.270985
2618,-74.04783
2619,-52.24803
2620,-75.09544
2621,-80.75889
2622,-73.04399
2623,-87.07994
2624,-87.12471
2625,-87.880684
2626,47.37564
2627,-57.10305
2628,-90.91582
2629,-90.18035
2630,-66.215645
2631,74.310005
2632,42.627388
2633,17.314857
2634,38.94021
2635,33.35723
2636,49.85579
2637,52.036564
2638,67.467926
2639,-69.26717
2640,74.75012
2641,67.30849
2642,65.3205
2643,-66.81555
2644,-57.590157
2645,42.019943
2646,38.098667
2647,67.70613
2648,79.04926
2649,69.05339
2650,-70.173676
2651,-90.74653
2652,-93.90273
2653,-80.81076
2654,-88.71938
2655,50.256126
2656,-75.32274
2657,-49.45627
2658,-68.510025
2659,-62.95575
2660,69.884544
2661,48.650356
2662,46.787968
2663,64.52225
2664,64.00848
2665,-35.732063
2666,-70.31306
2667,-90.32217
2668,-56.367718
2669,46.22178
2670,-47.35953
2671,72.40427
2672,-50.672295
2673,-85.25788
2674,-52.75824
2675,-60.479218
2676,-95.08485
2677,-80.07303
2678,47.5934
2679,73.05792
2680,-87.563034
2681,-51.649
2682,68.40128
2683,-73.47701
2684,-93.3913
2685,-81.76085
2686,-83.458916
2687,-54.892403
2688,-53.122055
2689,-67.5306
2690,-55.792995
2691,-103.36291
2692,-63.612156
2693,-48.800602
2694,-40.213013
2695,-69.08836
2696,-65.975296
2697,-102.75218
2698,-53.474304
2699,61.291077
2700,57.075405
2701,-96.935905
2702,42.494686
2703,50.38661
2704,-95.175896
2705,-78.574615
2706,56.784515
2707,50.146133
2708,58.073498
2709,65.46112
2710,-48.994225
2711,-59.888855
2712,-52.532173
2713,69.24658
2714,-90.02153
2715,-70.21337
2716,-78.95966
2717,-67.295296
2718,-75.91738
2719,-82.33167
2720,-78.21539
2721,-64.857445
2722,-53.237392
2723,-54.398758
2724,-85.86792
2725,-87.93938
2726,-62.341652
2727,71.66994
2728,-92.88993
2729,71.688194
2730,71.60789
2731,-55.538376
2732,73.73424
2733,74.8558
2734,-51.840347
2735,-75.72594
2736,68.33266
2737,-47.571316
2738,-84.6492
2739,-71.83722
2740,77.958954
2741,-83.1311
2742,-38.805676
2743,53.93267
2744,57.75071
2745,62.402035
2746,-63.133396
2747,67.85788
2748,53.814243
2749,53.25989
2750,-70.28166
2751,69.17494
2752,63.258133
2753,-50.37773
2754,-96.46106
2755,-89.94435
2756,-51.26037
2757,-85.47262
2758,-79.61275
2759,-49.08524
2760,-79.28089
2761,-77.998344
2762,-58.27972
2763,-68.30676
2764,-54.81297
2765,-92.219795
2766,59.523273
2767,66.49835
2768,72.52356
2769,66.07961
2770,56.73147
2771,65.521614
2772,-44.71966
2773,-77.84116
2774,-35.703674
2775,-96.92645
2776,-14.636208
2777,-85.7706
2778,-65.97179
2779,-74.713684
2780,-104.058495
2781,-65.793594
2782,-93.989746
2783,-87.8107
2784,-77.786
2785,-33.643402
2786,74.355644
2787,-87.462616
2788,-89.346016
2789,-88.26939
2790,-57.860443
2791,-74.20326
2792,-83.95827
2793,-82.393585
2794,-76.26943
2795,-56.714657
2796,-82.6007
2797,32.09304
2798,33.852512
2799,53.323032
2800,-79.65355
2801,-99.65302
2802,-101.93249
2803,45.809498
2804,38.203663
2805,-98.54658
2806,-72.31175
2807,68.93007
2808,-65.12497
2809,-57.33554
2810,-90.938225
2811,59.722332
2812,-61.60531
2813,-85.502
2814,41.503654
2815,-82.46698
2816,-43.297787
2817,-69.12839
2818,-88.659355
2819,-97.06804
2820,-72.67265
2821,-78.4584
2822,-110.49575
2823,-83.46363
2824,-103.423004
2825,-87.70575
2826,-96.01017
2827,1.8501303
2828,-84.46588
2829,-82.64442
2830,-91.06053
2831,-79.158936
2832,-88.09323
2833,-81.53797
2834,-87.474014
2835,-109.9546
2836,-90.23964
2837,-84.11511
2838,-74.454605
2839,-85.721306
2840,-102.93801
2841,-35.277573
2842,42.350433
2843,38.337387
2844,47.497967
2845,67.01138
2846,-106.90248
2847,-105.97466
2848,-79.872856
2849,-105.536316
2850,20.87435
2851,-4.393603
2852,-21.570166
2853,4.439524
2854,-6.482606
2855,-8.2438345
2856,3.4265697
2857,-2.541451
2858,8.715092
2859,15.092407
2860,31.586103
2861,56.568256
2862,-100.60495
2863,-94.15702
2864,-98.558334
2865,-42.883778
2866,65.26396
2867,-106.652405
2868,-106.62062
2869,45.823334
2870,47.81131
2871,46.55445
2872,53.863
2873,-106.94179
2874,-96.63147
2875,-106.9885
2876,37.848034
2877,33.079876
2878,32.81995
2879,-81.26746
2880,-105.660614
2881,46.696793
2882,-98.29879
2883,-89.91723
2884,-96.33046
2885,-61.13837
2886,-78.56076
2887,53.956333
2888,-61.903923
2889,-90.76306
2890,-89.03898
2891,-64.44264
2892,-87.25571
2893,-108.04621
2894,-70.0972
2895,-78.3067
2896,-42.1733
2897,-49.834866
2898,-24.532951
2899,-90.96011
2900,-58.376793
2901,-79.653
2902,11.46061
2903,3.253916
2904,16.576881
2905,-0.63266224
2906,-78.974724
2907,8.668954
2908,-64.57955
2909,-75.0753
2910,-61.701797
2911,44.952927
2912,-81.65008
2913,59.337162
2914,67.031944
2915,70.49491
2916,-73.28791
2917,68.01158
2918,62.08349
2919,-88.84542
2920,48.382095
2921,-76.381996
2922,-99.39721
2923,-94.193954
2924,-99.7439
2925,-50.76984
2926,-85.735634
2927,-96.84532
2928,-97.814354
2929,64.26781
2930,-101.14781
2931,-33.098595
2932,-49.92498
2933,-75.401886
2934,-84.204605
2935,-89.67562
2936,-87.34528
2937,-84.71137
2938,-92.49587
2939,40.56212
2940,-97.47745
2941,-87.72996
2942,46.647053
2943,-84.111305
2944,-89.615585
2945,-96.66348
2946,-107.19712
2947,-76.48505
2948,-83.85124
2949,-85.6367
2950,-105.806274
2951,23.773308
2952,18.15319
2953,11.044489
2954,-88.32081
2955,18.94114
2956,20.658072
2957,49.994488
2958,59.34502
2959,-59.37427
2960,-89.69434
2961,40.410328
2962,56.793385
2963,63.69155
2964,68.60172
2965,-95.57005
2966,47.78661
2967,-75.09982
2968,-52.318645
2969,48.508717
2970,-88.86323
2971,-89.58712
2972,49.610126
2973,40.24879
2974,-85.258194
2975,-98.57521
2976,-102.98656
2977,42.411877
2978,26.121328
2979,32.031654
2980,40.71055
2981,-75.284294
2982,-46.46052
2983,-91.98797
2984,-97.48305
2985,-105.336525
2986,-91.55444
2987,-93.75085
2988,-90.00992
2989,-97.06329
2990,-78.9495
2991,-59.680252
2992,-68.1691
2993,-104.687675
2994,-101.49587
2995,-77.67394
2996,-85.40907
2997,-99.3565
2998,-85.950485
2999,-91.16756
