,"It [165, 1]"
0,-110.287476
1,-112.95406
2,-116.32663
3,-112.790146
4,-99.73285
5,-96.00008
6,-11.063024
7,-19.940145
8,-105.538956
9,-20.107853
10,-18.954702
11,-94.97768
12,-101.42923
13,-22.042946
14,-98.37485
15,-107.209694
16,-23.061054
17,-118.03491
18,-13.200622
19,-117.00025
20,-20.49342
21,-112.576004
22,-113.81645
23,-15.929871
24,-13.257472
25,-96.674
26,-102.18407
27,-125.8
28,-10.1226015
29,-115.21811
30,-99.82216
31,-111.7073
32,-98.41586
33,-112.37886
34,-111.35614
35,-112.157104
36,-113.26316
37,-98.11964
38,-15.571814
39,-96.20126
40,-111.25677
41,-9.116526
42,-119.47283
43,-96.285736
44,-12.642663
45,-95.925385
46,-96.377144
47,-15.870859
48,-97.6012
49,-10.545513
50,-94.76162
51,-17.783285
52,-119.0048
53,-95.839516
54,-95.38164
55,-95.77391
56,-98.37517
57,-114.064
58,-14.360753
59,-16.330616
60,-96.086975
61,-113.99063
62,-98.705666
63,-92.96916
64,-111.80855
65,-93.901665
66,-102.82759
67,-101.15491
68,-99.664185
69,-114.66488
70,-102.04292
71,-117.26571
72,-16.017666
73,-110.16777
74,-107.99624
75,-114.669266
76,-99.52889
77,-94.00322
78,-95.45818
79,-98.40576
80,-113.91361
81,-104.02783
82,-98.39926
83,-8.952394
84,-99.01754
85,-127.43223
86,-113.40003
87,-108.11165
88,-18.608837
89,-99.13539
90,-110.94715
91,-17.31097
92,-115.9598
93,-117.34859
94,-95.88327
95,-109.18451
96,-94.08202
97,-7.139457
98,-98.09012
99,-25.22073
100,-121.02222
101,-16.542437
102,-97.210335
103,-95.41179
104,-99.32774
105,-104.2688
106,-96.93717
107,-95.82722
108,-106.971375
109,-100.93619
110,-102.34764
111,-97.849396
112,-101.69847
113,-111.48338
114,-98.651306
115,-107.76705
116,-108.09867
117,-95.86317
118,-98.37537
119,-24.132448
120,-105.541695
121,-114.22242
122,-94.38762
123,-97.31575
124,-25.776663
125,-26.21164
126,-113.64027
127,-102.98689
128,-23.64636
129,-97.26123
130,-99.30363
131,-96.26666
132,-98.2208
133,-7.9968967
134,-103.47948
135,-16.598524
136,-99.51568
137,-96.08476
138,-114.36904
139,-92.038025
140,-98.034256
141,-101.52357
142,-21.361359
143,-123.06686
144,-21.921427
145,-99.45194
146,-101.55033
147,-17.696556
148,-95.76052
149,-98.683846
150,-98.50399
151,-98.60167
152,-102.612015
153,-18.282827
154,-100.0035
155,-96.25353
156,-94.09331
157,-25.362753
158,-12.869272
159,-12.624088
160,-98.3072
161,-95.45554
162,-7.348559
163,-114.53471
164,-101.173676
165,-104.26794
166,-106.6779
167,-26.26334
168,-97.85618
169,-98.71678
170,-109.199684
171,-98.27062
172,-18.720665
173,-97.80104
174,-107.560646
175,-98.27767
176,-96.213066
177,-6.783467
178,-102.36507
179,-100.83022
180,-98.19635
181,-99.67649
182,-94.85176
183,-100.35757
184,-98.38135
185,-98.96885
186,-18.087664
187,-103.692
188,-100.54482
189,-13.163318
190,-125.37041
191,-97.194275
192,-96.26123
193,-15.4156
194,-103.2872
195,-10.687506
196,-98.61466
197,-99.077324
198,-103.09457
199,-97.10394
200,-8.274334
201,-104.22452
202,-103.150154
203,-105.07622
204,-97.5494
205,-10.884548
206,-101.48054
207,-100.54575
208,-6.2905984
209,-98.61527
210,-104.02812
211,-97.03778
212,-98.14638
213,-97.61729
214,-18.87401
215,-97.18868
216,-6.8458915
217,-99.18978
218,-123.70709
219,-93.84102
220,-95.97093
221,-103.09301
222,-100.80357
223,-94.50118
224,-97.64962
225,-101.95739
226,-96.98545
227,-19.83028
228,-10.4875965
229,-106.02467
230,-106.38563
231,-22.76295
232,-15.95501
233,-111.3817
234,-117.89955
235,-96.55714
236,-105.14065
237,-101.10024
238,-102.774185
239,-14.103562
240,-4.2163477
241,-11.301699
242,-99.15548
243,-12.011027
244,-14.693359
245,-98.05386
246,-91.42384
247,-96.1767
248,-102.51946
249,-97.73654
250,-90.98219
251,-96.52507
252,-95.439415
253,-8.617427
254,-99.49087
255,-97.48308
256,-18.893911
257,-100.61723
258,-18.442087
259,-17.515144
260,-23.404701
261,-25.416157
262,-25.014915
263,-13.560534
264,-99.53445
265,-21.472141
266,-108.26202
267,-19.156315
268,-9.273748
269,-101.29749
270,-103.102295
271,-13.56484
272,-8.757337
273,-11.345879
274,-11.838706
275,-10.829867
276,-100.81042
277,-106.07476
278,-7.0390577
279,-8.775044
280,-15.945644
281,-19.799873
282,-13.299234
283,-103.87698
284,-103.059746
285,-100.49707
286,-106.1436
287,-97.13892
288,-104.82949
289,-97.69342
290,-100.84523
291,-6.6584005
292,-100.8743
293,-103.17706
294,-101.65966
295,-96.377464
296,-101.698524
297,-100.92322
298,-6.226708
299,-107.72291
300,-99.71084
301,-104.04865
302,-108.21448
303,-105.459656
304,-15.105031
305,-106.09495
306,-98.8162
307,-113.12974
308,-105.53122
309,-106.721375
310,-106.70083
311,-104.3779
312,-104.68501
313,-104.843925
314,-102.884094
315,-103.27287
316,-102.085175
317,-103.15304
318,-106.318634
319,-103.71516
320,-102.88613
321,-97.220825
322,-103.98447
323,-102.668045
324,-105.937065
325,-100.65143
326,-10.905031
327,-10.091857
328,-93.40809
329,-108.57601
330,-103.216606
331,-12.521841
332,-104.41139
333,-106.11815
334,-19.58721
335,-108.27819
336,-103.406975
337,-97.08607
338,-100.59633
339,-100.572754
340,-103.5413
341,-101.716965
342,-106.096634
343,-104.17019
344,-102.42025
345,-108.92112
346,-102.67896
347,-103.99627
348,-100.79542
349,-107.295746
350,-103.58634
351,-99.767975
352,-98.16901
353,-102.29102
354,-105.32494
355,-97.73224
356,-103.175896
357,-99.02401
358,-101.05838
359,-101.27709
360,-98.56943
361,-107.0
362,-103.30418
363,-97.62021
364,-97.269806
365,-97.80385
366,-102.96725
367,-104.50937
368,-93.80994
369,-7.4208364
370,-109.611374
371,-95.57457
372,-99.80228
373,-97.77893
374,-100.929565
375,-99.444534
376,-97.59787
377,-98.14248
378,-103.81389
379,-100.900375
380,-96.48544
381,-94.02246
382,-98.7528
383,-118.7848
384,-105.05457
385,-97.233284
386,-104.360985
387,-93.411316
388,-96.99382
389,-103.07279
390,-102.09042
391,-102.59975
392,-99.21022
393,-100.91364
394,-101.76782
395,-100.08348
396,-96.49261
397,-100.187225
398,-103.23049
399,-91.67412
400,-93.06914
401,-102.68854
402,-101.626015
403,-103.27665
404,-102.71261
405,-101.00921
406,-97.47896
407,-101.52865
408,-97.930954
409,-98.79636
410,-98.2583
411,-96.914825
412,-96.174805
413,-98.33446
414,-94.89897
415,-102.434685
416,-96.516075
417,-100.562904
418,-124.78317
419,-99.00364
420,-95.469
421,-96.51022
422,-100.51694
423,-100.875084
424,-91.160385
425,-139.65906
426,-127.33687
427,-98.781906
428,-87.78139
429,-100.23917
430,-103.47213
431,-99.53231
432,-97.924774
433,-5.842125
434,-99.15185
435,-99.4891
436,-90.31032
437,-102.6788
438,-98.536934
439,-5.1471443
440,-101.736824
441,-102.871735
442,-102.59153
443,-103.947075
444,-100.69677
445,-98.626755
446,-105.937485
447,-92.54302
448,-95.78288
449,-105.76923
450,-106.479385
451,-105.25667
452,-103.103325
453,-104.26985
454,-102.648766
455,-106.90767
456,-104.00379
457,-109.34117
458,-105.81499
459,-105.637085
460,-103.06134
461,-104.18206
462,-103.14055
463,-101.87914
464,-104.645004
465,-106.76877
466,-103.455284
467,-104.87393
468,-101.59944
469,-103.52838
470,-113.58072
471,-101.02582
472,-101.966125
473,-103.3184
474,-101.32036
475,-102.02085
476,-99.44987
477,-99.84728
478,3.350169
479,-107.85541
480,-104.32232
481,-103.16217
482,-130.56836
483,-101.27973
484,-95.10549
485,-100.35449
486,-96.482956
487,-93.314865
488,-101.96399
489,-89.72275
490,-93.78873
491,-104.37862
492,-102.388145
493,-103.78535
494,-100.004364
495,-109.20517
496,-104.79343
497,-123.92583
498,-98.08843
499,-106.017914
500,-104.96926
501,-103.82671
502,-106.53307
503,-102.036026
504,-102.77
505,-99.75304
506,-104.913605
507,-106.47955
508,-96.60008
509,-96.15367
510,-102.410835
511,-101.001175
512,-98.63656
513,-103.686035
514,-104.43344
515,-99.23792
516,-10.301559
517,-130.48189
518,-102.14115
519,-9.864775
520,-12.279437
521,-2.6403751
522,-102.098274
523,9.785484
524,-100.68364
525,-94.1971
526,-94.746155
527,-99.70345
528,-91.96803
529,-9.199582
530,-4.3379927
531,-100.25637
532,-125.91182
533,-96.939804
534,-1.0996912
535,-100.03502
536,-9.200401
537,-1.2306615
538,-18.250675
539,-24.324434
540,-8.775195
541,-101.44678
542,-102.28793
543,-103.26787
544,-96.371315
545,-101.54886
546,-99.21493
547,-0.48685125
548,-93.14029
549,-91.2487
550,-94.45861
551,-84.4489
552,-100.19876
553,-101.13535
554,-2.7359478
555,-0.017063478
556,-103.97122
557,-100.05401
558,-98.71848
559,-99.86513
560,-92.67471
561,-96.369606
562,-94.74609
563,-100.00814
564,-96.90408
565,-99.516945
566,-100.697784
567,-99.393776
568,-99.602776
569,-16.291618
570,-96.366486
571,-97.95821
572,-98.822945
573,-95.32807
574,-85.21179
575,-97.70808
576,-99.64988
577,-101.83075
578,-98.02955
579,-94.65246
580,-86.43148
581,-98.52753
582,-100.718506
583,-99.873985
584,-84.200836
585,-104.714264
586,-3.1605706
587,0.04665668
588,-108.72926
589,-109.92096
590,-18.170082
591,-101.64771
592,-101.29104
593,-102.785515
594,-5.8788705
595,-102.100204
596,-101.23699
597,-100.599976
598,-101.30206
599,-100.13682
600,-102.429985
601,-101.17363
602,-88.13986
603,-18.40944
604,-96.28757
605,-98.793884
606,-97.443405
607,-99.98195
608,-99.84995
609,-87.51198
610,-13.967517
611,0.18006967
612,-0.9598878
613,-101.294266
614,-102.59906
615,-100.60894
616,-100.59517
617,-86.32004
618,-88.97329
619,15.161452
620,-97.355225
621,-100.77107
622,-101.70393
623,6.4881716
624,-99.608116
625,-100.60473
626,-99.5601
627,-97.66845
628,-101.47569
629,-100.7421
630,-103.57365
631,-97.11604
632,-103.320625
633,-101.47884
634,-102.870834
635,-90.55809
636,-100.718056
637,-16.742418
638,-14.106082
639,-97.252945
640,-97.64531
641,-94.790306
642,-96.14651
643,-91.93152
644,-100.70317
645,-101.65543
646,-99.44933
647,-97.71458
648,-95.2866
649,-114.95476
650,-127.835175
651,-121.78113
652,-99.26333
653,-102.64351
654,-103.17883
655,-98.900894
656,-99.607796
657,-99.92241
658,-9.020106
659,-7.3995843
660,-96.70869
661,2.9884768
662,8.756656
663,-87.96354
664,6.1151557
665,3.9422035
666,1.9594954
667,5.1524215
668,15.965228
669,-103.12514
670,20.773788
671,-100.18257
672,-103.35614
673,-103.103386
674,-99.393105
675,-101.224396
676,0.25796655
677,-103.819214
678,-99.86611
679,-98.15407
680,-100.49139
681,-100.47027
682,-89.405464
683,-104.76488
684,-94.24976
685,-101.592606
686,-103.60629
687,-93.55661
688,-99.907364
689,-100.95072
690,-102.821915
691,-9.7055855
692,-109.00159
693,-95.83208
694,1.431656
695,-96.68849
696,-96.67557
697,-101.67861
698,-94.9035
699,-105.031006
700,-83.96068
701,-87.20972
702,-100.08549
703,-101.157555
704,-99.60201
705,-99.350105
706,-83.039185
707,-88.82312
708,-78.04918
709,-95.44146
710,-73.6678
711,-88.19757
712,10.534903
713,-101.06972
714,-0.0050709564
715,-91.264244
716,-102.065
717,-93.368065
718,-93.896385
719,-85.14363
720,0.115503274
721,4.4818416
722,-93.10761
723,-93.492
724,-85.50167
725,-94.91766
726,14.37634
727,-4.116738
728,-91.82785
729,-93.83421
730,5.366632
731,-6.0557494
732,16.320726
733,21.582891
734,16.884228
735,-75.57754
736,1.6878505
737,24.363693
738,-79.45447
739,-68.00669
740,-78.44412
741,-90.10789
742,-92.97473
743,-98.27861
744,19.145111
745,-88.998215
746,-84.79383
747,-131.97635
748,-95.39689
749,-112.52833
750,-89.257515
751,-94.521545
752,-92.18967
753,-90.89342
754,-86.881195
755,-97.43983
756,-104.03308
757,2.826988
758,17.81665
759,4.5652657
760,-100.44646
761,-114.44467
762,-8.717897
763,-102.69917
764,-3.529589
765,-91.57566
766,-97.96402
767,-96.98395
768,-97.41014
769,-88.22634
770,-99.52883
771,-97.82621
772,-100.90835
773,-75.960495
774,-87.939804
775,-96.41322
776,-100.86468
777,-87.14886
778,12.356507
779,11.326227
780,-91.07534
781,-95.27117
782,-83.75228
783,-106.57932
784,-93.92574
785,-93.56874
786,-84.59507
787,-93.54122
788,17.043924
789,20.893671
790,-110.53122
791,-87.17554
792,18.14082
793,-107.35866
794,-118.67267
795,13.261713
796,-87.083275
797,20.102488
798,17.381294
799,-96.06563
800,-91.46028
801,11.530199
802,6.1872582
803,4.267093
804,24.93968
805,-78.10908
806,-104.04562
807,-122.86273
808,-60.706112
809,23.14408
810,-98.218346
811,-87.7584
812,14.394998
813,18.439262
814,-7.782963
815,19.736416
816,-90.429214
817,-104.569405
818,-28.610178
819,-5.3804812
820,-2.3759122
821,-12.318997
822,-118.17487
823,5.305239
824,2.699999
825,-103.8595
826,-85.524826
827,-86.96522
828,17.567581
829,26.086374
830,-93.629326
831,5.42599
832,-119.88258
833,-72.843765
834,15.355911
835,-89.31373
836,-97.29169
837,-7.018123
838,-91.68946
839,15.603033
840,11.087566
841,22.538397
842,22.71746
843,28.663488
844,19.53182
845,21.181072
846,14.850767
847,33.538208
848,-89.56905
849,10.2567425
850,26.394913
851,-88.53406
852,-104.73993
853,20.40249
854,23.781849
855,-25.120918
856,-4.6960907
857,-4.5092244
858,-10.742129
859,2.4310467
860,-4.8688374
861,-20.387955
862,15.247926
863,-6.834872
864,-92.6785
865,24.485685
866,9.522143
867,4.8607726
868,14.271416
869,-94.27041
870,10.226756
871,9.409854
872,11.019754
873,5.5254636
874,-93.21011
875,7.3147197
876,-90.199486
877,1.3434578
878,23.45766
879,-121.95175
880,-3.0848298
881,25.463737
882,-95.71684
883,8.696845
884,45.54439
885,18.582367
886,-12.211877
887,-9.043774
888,-14.467445
889,-20.329939
890,-16.701431
891,-14.29992
892,-95.67702
893,5.947193
894,23.934502
895,-4.8052154
896,-14.926373
897,18.283419
898,1.1205759
899,28.701033
900,4.362108
901,-9.423647
902,-10.672485
903,-8.055961
904,-2.6539624
905,4.18028
906,12.746118
907,13.918319
908,24.364872
909,32.632698
910,16.82324
911,-72.97903
912,21.70417
913,-87.21729
914,-6.0553513
915,-10.19672
916,-5.2830367
917,-6.8441563
918,31.221277
919,-108.36199
920,10.072252
921,14.766216
922,-3.2210748
923,14.783034
924,20.854366
925,4.5451784
926,13.061066
927,-88.71601
928,37.135868
929,13.228011
930,-0.081547916
931,27.359077
932,13.807916
933,1.0750377
934,-5.4897137
935,-5.448781
936,-2.0872777
937,18.660002
938,5.4344687
939,-4.950979
940,-9.72014
941,-6.696794
942,6.9145875
943,15.8026905
944,-3.5156288
945,-97.21503
946,-81.26719
947,-83.16725
948,-94.38095
949,7.944154
950,-1.031632
951,13.691289
952,13.84324
953,6.6718745
954,7.4880643
955,-114.64242
956,5.029872
957,12.769049
958,12.007708
959,4.7714944
960,11.743198
961,17.52614
962,27.455109
963,13.801198
964,-92.60652
965,-88.800064
966,12.057628
967,-88.06461
968,25.573915
969,13.245392
970,20.421797
971,-71.20534
972,11.058344
973,26.510523
974,22.27278
975,23.256304
976,26.074593
977,29.534075
978,27.293587
979,12.4238
980,-11.067719
981,-7.1509333
982,-13.367373
983,30.769318
984,27.035582
985,20.954092
986,16.48637
987,14.641427
988,-83.78669
989,18.375187
990,27.002539
991,22.030622
992,5.5681744
993,-0.38198113
994,9.769727
995,18.40721
996,35.771576
997,26.374569
998,18.874752
999,11.450071
1000,-92.62439
1001,13.636576
1002,-9.180325
1003,16.9969
1004,16.049603
1005,-13.24548
1006,22.61812
1007,28.95683
1008,27.419939
1009,-15.56525
1010,-27.036495
1011,14.683429
1012,15.323
1013,15.681882
1014,10.018718
1015,9.303829
1016,11.612956
1017,15.448272
1018,-91.95126
1019,-102.20734
1020,12.48471
1021,10.639609
1022,23.920053
1023,21.337158
1024,17.798496
1025,16.663671
1026,-3.569078
1027,23.679388
1028,5.971375
1029,16.403303
1030,17.821672
1031,19.90851
1032,20.335022
1033,17.932499
1034,20.31978
1035,23.59287
1036,19.893583
1037,19.963861
1038,23.406132
1039,-133.7966
1040,7.2086916
1041,-90.52001
1042,-10.981096
1043,10.811029
1044,-102.97535
1045,-96.23902
1046,-93.06746
1047,-91.90706
1048,12.401674
1049,12.447264
1050,-123.46097
1051,11.781746
1052,-108.93355
1053,-103.1072
1054,27.389624
1055,32.279797
1056,-4.0203266
1057,4.1172233
1058,3.7416832
1059,-78.17232
1060,17.27593
1061,30.824547
1062,29.410877
1063,19.271622
1064,-98.416374
1065,21.319908
1066,-66.431625
1067,-83.19845
1068,15.982794
1069,-101.19835
1070,-98.805786
1071,-98.52138
1072,-99.94244
1073,10.169168
1074,5.2664366
1075,-86.602585
1076,-95.61752
1077,-99.42069
1078,-92.2314
1079,-99.60204
1080,-90.68531
1081,17.559956
1082,-92.38063
1083,-97.32872
1084,-93.01295
1085,-90.4449
1086,-74.72729
1087,-92.828156
1088,-8.188263
1089,15.299965
1090,18.782003
1091,14.905477
1092,27.52994
1093,-97.63627
1094,-83.243454
1095,14.027564
1096,-94.18604
1097,16.474194
1098,-95.67981
1099,7.5347195
1100,0.88750714
1101,-91.53455
1102,-94.395134
1103,-108.198654
1104,-104.32301
1105,-121.9813
1106,-99.458694
1107,30.449219
1108,-76.17561
1109,-95.775986
1110,17.017752
1111,-4.8422475
1112,-123.85681
1113,-93.96921
1114,32.98266
1115,28.195242
1116,22.588285
1117,29.391695
1118,9.196403
1119,17.480663
1120,13.047007
1121,23.507893
1122,28.3765
1123,33.01833
1124,24.11456
1125,12.016543
1126,-125.57888
1127,-106.077095
1128,14.912044
1129,19.813679
1130,20.837244
1131,27.823317
1132,30.84184
1133,37.017326
1134,21.866245
1135,4.1894784
1136,21.322077
1137,-103.39934
1138,-84.59536
1139,29.921726
1140,17.227907
1141,19.725433
1142,48.952698
1143,45.1285
1144,2.9663286
1145,-104.65444
1146,-84.203094
1147,28.728657
1148,30.176723
1149,51.03227
1150,-79.33833
1151,35.641766
1152,16.636435
1153,-2.281769
1154,13.388323
1155,27.951668
1156,44.304386
1157,-52.666138
1158,26.200485
1159,5.305454
1160,4.6630445
1161,-88.95291
1162,-81.75445
1163,31.330933
1164,2.9502566
1165,-131.93967
1166,-88.53587
1167,29.546993
1168,25.38118
1169,27.287357
1170,-73.546524
1171,50.21477
1172,34.810078
1173,-92.67848
1174,17.089146
1175,12.036629
1176,37.130844
1177,-93.84781
1178,51.983288
1179,44.376797
1180,37.34872
1181,-90.26246
1182,-105.55901
1183,47.911713
1184,32.718735
1185,-93.432205
1186,-67.95567
1187,-100.32496
1188,-102.65424
1189,-104.503365
1190,23.11436
1191,39.727238
1192,37.31139
1193,-93.92957
1194,23.681276
1195,27.554296
1196,-89.481346
1197,18.270145
1198,15.643115
1199,3.514909
1200,4.497774
1201,-124.84064
1202,30.241905
1203,-92.887024
1204,-96.87607
1205,30.32332
1206,-92.97631
1207,-98.1099
1208,-132.03671
1209,28.490505
1210,43.92315
1211,48.999695
1212,35.74414
1213,39.558975
1214,35.583324
1215,24.236814
1216,33.011436
1217,50.75636
1218,72.40873
1219,-103.22849
1220,-105.52913
1221,9.104237
1222,24.009678
1223,-95.14302
1224,-1.3934865
1225,-9.652078
1226,0.081585824
1227,10.260614
1228,11.332759
1229,-97.62974
1230,-0.5012701
1231,4.284718
1232,25.549946
1233,29.350197
1234,-105.558716
1235,27.796938
1236,44.02128
1237,33.449303
1238,26.778908
1239,30.055092
1240,42.316795
1241,53.22419
1242,-92.45701
1243,-87.13551
1244,0.019414116
1245,2.6656942
1246,25.187775
1247,30.202478
1248,17.800297
1249,48.952316
1250,28.808327
1251,-112.944855
1252,22.5609
1253,40.261765
1254,44.29228
1255,31.274801
1256,27.004372
1257,26.92155
1258,-71.208244
1259,-115.333046
1260,10.201912
1261,5.999011
1262,-104.739456
1263,11.691757
1264,24.435205
1265,-84.92974
1266,-103.69211
1267,-107.649574
1268,-3.084207
1269,14.010717
1270,24.276236
1271,-87.19175
1272,14.668409
1273,23.172277
1274,6.6430326
1275,-13.317304
1276,-14.344464
1277,-18.05246
1278,-137.75847
1279,-116.19423
1280,30.261423
1281,43.44644
1282,53.83919
1283,60.840862
1284,-3.8085258
1285,-11.566522
1286,33.724407
1287,33.404854
1288,25.611137
1289,19.254223
1290,22.124832
1291,34.258896
1292,34.539352
1293,32.406536
1294,36.92785
1295,45.87013
1296,70.445404
1297,42.48969
1298,29.3698
1299,27.782269
1300,-68.32609
1301,39.159534
1302,31.651657
1303,4.0399046
1304,-118.88766
1305,36.01751
1306,39.995678
1307,51.158382
1308,44.764774
1309,31.58788
1310,-12.666946
1311,-22.163958
1312,-20.081333
1313,-107.115234
1314,-13.810665
1315,-21.367865
1316,-103.38114
1317,35.658184
1318,35.394054
1319,-10.080307
1320,47.379574
1321,44.547085
1322,55.001286
1323,37.323517
1324,-124.85517
1325,-83.00589
1326,56.425995
1327,-137.81703
1328,33.03448
1329,38.283752
1330,39.362095
1331,19.612371
1332,-4.115026
1333,48.46308
1334,46.16711
1335,46.09294
1336,27.848234
1337,29.439466
1338,-1.6432002
1339,1.5483335
1340,7.607936
1341,25.674257
1342,35.674965
1343,35.696
1344,-115.401794
1345,35.65077
1346,25.897041
1347,20.013966
1348,-91.17362
1349,14.033205
1350,10.708055
1351,17.210833
1352,21.504711
1353,31.734352
1354,29.013868
1355,40.14249
1356,31.63112
1357,11.992781
1358,16.979048
1359,22.171684
1360,17.961508
1361,25.557434
1362,13.248612
1363,42.760128
1364,30.832762
1365,18.13267
1366,40.83327
1367,33.214455
1368,32.538254
1369,25.65648
1370,-91.36968
1371,-98.79677
1372,32.088676
1373,44.194294
1374,29.918533
1375,21.000624
1376,34.76407
1377,36.898293
1378,30.93446
1379,-94.39816
1380,-88.087006
1381,27.689007
1382,37.94211
1383,50.222874
1384,53.566788
1385,-121.49705
1386,-98.83143
1387,-68.48645
1388,45.79857
1389,40.454735
1390,-94.71234
1391,18.929716
1392,21.55516
1393,23.52096
1394,28.981052
1395,52.27432
1396,-127.414764
1397,34.515366
1398,35.88844
1399,23.742477
1400,21.832403
1401,18.075548
1402,5.85716
1403,8.259874
1404,20.577524
1405,35.329502
1406,27.318697
1407,-117.720024
1408,-118.31991
1409,23.207165
1410,-133.0617
1411,25.171965
1412,-82.81197
1413,-89.84443
1414,17.242487
1415,10.829046
1416,23.032928
1417,-104.41886
1418,23.922127
1419,24.147526
1420,34.48317
1421,42.73549
1422,49.308315
1423,28.621733
1424,20.233131
1425,36.191555
1426,11.622493
1427,30.274004
1428,38.37732
1429,-95.444244
1430,-93.133125
1431,-90.43799
1432,64.28259
1433,59.597687
1434,48.481518
1435,54.91214
1436,53.457233
1437,43.3432
1438,57.218304
1439,55.53397
1440,48.3311
1441,37.54257
1442,34.399338
1443,29.420158
1444,38.33207
1445,35.483826
1446,31.227598
1447,45.77636
1448,68.01575
1449,47.803577
1450,37.646828
1451,29.741426
1452,14.299497
1453,23.254457
1454,27.487595
1455,-19.925928
1456,-21.596493
1457,-120.01288
1458,-13.459883
1459,-129.32948
1460,-124.49402
1461,-89.473434
1462,-103.06974
1463,-20.20088
1464,-107.31743
1465,-5.774086
1466,-14.382572
1467,29.501825
1468,-121.027596
1469,-17.5674
1470,-2.2345228
1471,28.730122
1472,39.178776
1473,40.950413
1474,27.12812
1475,5.9751053
1476,-9.226925
1477,-118.98753
1478,-23.070621
1479,-12.312306
1480,-26.376225
1481,3.175646
1482,-98.260155
1483,-16.062143
1484,53.257645
1485,33.196007
1486,58.003845
1487,70.877495
1488,25.19452
1489,14.246672
1490,-121.48004
1491,29.053804
1492,44.5531
1493,26.665571
1494,8.5423975
1495,-5.127363
1496,19.950174
1497,-70.49598
1498,-77.08426
1499,59.94913
1500,-94.96418
1501,-91.18511
1502,44.187767
1503,45.736763
1504,-19.22186
1505,28.43515
1506,-1.3344512
1507,-98.9083
1508,-106.59455
1509,-124.289154
1510,39.170395
1511,46.156006
1512,48.997814
1513,-100.632286
1514,27.000061
1515,31.862585
1516,35.696903
1517,-100.88434
1518,58.378193
1519,41.5717
1520,29.159134
1521,-122.39304
1522,-107.50568
1523,36.88295
1524,-123.01845
1525,63.19017
1526,48.98798
1527,-106.70009
1528,41.074703
1529,-8.726002
1530,-8.842654
1531,-10.582455
1532,65.57155
1533,71.141075
1534,-39.972225
1535,46.936768
1536,29.179659
1537,36.513096
1538,72.51933
1539,49.8778
1540,40.003662
1541,49.814487
1542,61.038235
1543,-79.14817
1544,50.557957
1545,-79.90372
1546,42.460457
1547,21.249836
1548,11.501571
1549,14.638766
1550,31.361454
1551,35.594616
1552,59.333084
1553,56.455463
1554,-125.47421
1555,35.201447
1556,-107.98634
1557,-108.15936
1558,45.15952
1559,-134.17006
1560,26.925056
1561,32.74714
1562,26.951248
1563,-5.680074
1564,-2.6465454
1565,48.28346
1566,22.464922
1567,9.32984
1568,25.936567
1569,-127.48099
1570,9.754476
1571,11.643984
1572,26.8452
1573,-90.77665
1574,26.513111
1575,14.892268
1576,27.520054
1577,43.142143
1578,-85.41401
1579,-96.87609
1580,-100.94624
1581,-94.82156
1582,-103.46965
1583,25.017067
1584,23.426851
1585,32.547733
1586,-128.96631
1587,-119.693016
1588,-111.32064
1589,41.01571
1590,-116.52075
1591,33.05097
1592,26.656034
1593,30.46129
1594,47.279808
1595,36.860554
1596,24.179811
1597,28.24727
1598,35.07593
1599,22.973581
1600,21.265617
1601,23.372555
1602,38.888878
1603,46.673687
1604,52.065987
1605,59.682564
1606,65.72098
1607,43.40749
1608,29.284775
1609,-128.64255
1610,40.969635
1611,66.99969
1612,54.836758
1613,56.48846
1614,28.620943
1615,-97.66798
1616,49.717518
1617,27.955202
1618,20.912241
1619,28.211973
1620,51.30533
1621,51.909916
1622,56.136177
1623,38.643246
1624,45.269173
1625,54.965385
1626,47.56787
1627,25.478285
1628,23.324623
1629,20.653141
1630,21.411314
1631,31.187838
1632,50.07913
1633,58.264458
1634,47.20968
1635,47.063095
1636,31.617115
1637,30.029226
1638,33.736866
1639,56.669804
1640,53.49695
1641,51.896145
1642,50.897285
1643,51.174324
1644,54.102383
1645,59.062626
1646,53.20691
1647,56.084846
1648,54.609573
1649,52.195263
1650,49.031513
1651,35.54198
1652,37.59815
1653,41.046173
1654,37.6465
1655,-103.954735
1656,45.22487
1657,43.089626
1658,41.6313
1659,44.88334
1660,37.333027
1661,38.589825
1662,32.12036
1663,54.116837
1664,55.689533
1665,51.327408
1666,38.722137
1667,47.00746
1668,55.835163
1669,46.392906
1670,72.05543
1671,59.858646
1672,43.128826
1673,-111.40227
1674,66.20885
1675,51.22432
1676,53.902092
1677,59.361465
1678,-98.80725
1679,67.80886
1680,52.145557
1681,-106.89333
1682,65.159
1683,-96.27992
1684,56.561775
1685,-103.44852
1686,58.228844
1687,54.903946
1688,52.66632
1689,56.422787
1690,34.750347
1691,-126.72854
1692,-127.50166
1693,53.84573
1694,68.81084
1695,63.878765
1696,66.443344
1697,80.78237
1698,68.92096
1699,63.079914
1700,78.589325
1701,88.71562
1702,73.365685
1703,56.932636
1704,46.61511
1705,41.688774
1706,37.92036
1707,49.657738
1708,57.709763
1709,59.98861
1710,63.213425
1711,66.15293
1712,72.217896
1713,61.62109
1714,55.647034
1715,51.477074
1716,64.446915
1717,-102.95656
1718,-92.968315
1719,-85.0854
1720,61.005066
1721,40.422077
1722,59.843628
1723,57.09141
1724,57.363014
1725,59.32065
1726,70.0791
1727,-41.395958
1728,79.542564
1729,74.59801
1730,61.49824
1731,72.53416
1732,71.68292
1733,64.50103
1734,55.763546
1735,50.56197
1736,51.50467
1737,41.492653
1738,54.204865
1739,49.405174
1740,47.55398
1741,-102.24872
1742,67.540245
1743,60.695126
1744,63.720837
1745,-85.638885
1746,68.97869
1747,72.99501
1748,68.54984
1749,90.79856
1750,-42.516953
1751,-48.099224
1752,75.21354
1753,59.129486
1754,61.046528
1755,60.250393
1756,75.4458
1757,67.62622
1758,59.953415
1759,57.81046
1760,52.06604
1761,56.54886
1762,54.361626
1763,56.08599
1764,56.786144
1765,63.503017
1766,59.421875
1767,63.335377
1768,57.011948
1769,68.81262
1770,70.7267
1771,-103.533714
1772,78.861855
1773,72.18207
1774,75.76797
1775,74.7136
1776,61.15247
1777,-109.00221
1778,64.82837
1779,66.65581
1780,53.225918
1781,62.661793
1782,-58.068035
1783,-100.88562
1784,-104.85974
1785,-105.99866
1786,53.802917
1787,63.802917
1788,67.61084
1789,57.49679
1790,-115.8884
1791,-83.06032
1792,-55.835155
1793,-106.51731
1794,-106.374115
1795,-109.65515
1796,-105.36514
1797,-101.36405
1798,-99.77354
1799,-109.97276
1800,-99.14055
1801,-98.630936
1802,-120.30687
1803,-77.408966
1804,60.902134
1805,57.187027
1806,65.827
1807,76.18481
1808,63.64556
1809,-80.9157
1810,65.92038
1811,62.457493
1812,56.740288
1813,42.121284
1814,75.12789
1815,-101.319405
1816,-106.23624
1817,-114.88008
1818,-88.23812
1819,-124.270355
1820,-73.99951
1821,64.46762
1822,47.476048
1823,43.79074
1824,48.005726
1825,-69.82147
1826,-103.08184
1827,-116.079765
1828,-122.67214
1829,-119.951126
1830,-123.25764
1831,-109.55308
1832,-112.95346
1833,-58.648724
1834,-126.56889
1835,-108.42543
1836,70.28089
1837,-109.00994
1838,55.871605
1839,0.37270346
1840,30.560066
1841,-114.809685
1842,-110.88231
1843,72.415215
1844,60.402847
1845,38.40892
1846,70.8277
1847,48.367245
1848,65.75534
1849,60.86788
1850,61.63843
1851,-94.74591
1852,74.29976
1853,-123.82385
1854,-135.3259
1855,-130.58783
1856,-122.84176
1857,-113.826126
1858,-75.66637
1859,-90.28768
1860,35.170288
1861,-18.668594
1862,20.077656
1863,54.126
1864,33.631344
1865,-86.52732
1866,66.8554
1867,-110.82086
1868,39.137665
1869,50.445976
1870,40.35195
1871,54.519245
1872,62.889954
1873,69.98537
1874,77.29748
1875,-113.04563
1876,72.64663
1877,51.124584
1878,-56.29109
1879,85.68848
1880,43.61542
1881,46.089596
1882,46.15679
1883,43.747845
1884,40.00209
1885,52.316677
1886,64.58328
1887,-118.05347
1888,72.36328
1889,73.51858
1890,44.791256
1891,-135.7767
1892,34.90002
1893,45.04048
1894,57.577824
1895,50.746014
1896,45.057144
1897,64.01481
1898,-100.83928
1899,-88.78413
1900,63.038723
1901,55.813145
1902,53.82308
1903,-136.56946
1904,53.616623
1905,66.79426
1906,70.502144
1907,79.02847
1908,79.793755
1909,73.88226
1910,67.497345
1911,45.386597
1912,-145.24142
1913,-65.78046
1914,-118.30399
1915,48.62106
1916,45.543148
1917,39.02421
1918,-109.82767
1919,62.750397
1920,69.47974
1921,66.82213
1922,69.27394
1923,75.92306
1924,70.58848
1925,47.023453
1926,64.664604
1927,72.74958
1928,85.40675
1929,21.4064
1930,-113.03427
1931,-85.64899
1932,-97.65409
1933,-29.471727
1934,59.193417
1935,-108.88511
1936,-98.68333
1937,-106.67831
1938,-86.554565
1939,9.78702
1940,51.725857
1941,-12.886658
1942,46.958298
1943,60.71992
1944,65.10172
1945,-50.880413
1946,49.55159
1947,-9.576347
1948,-108.10607
1949,-103.83087
1950,-104.43818
1951,5.309763
1952,6.294819
1953,7.429003
1954,13.152152
1955,8.632981
1956,-70.388824
1957,-71.33571
1958,84.32036
1959,-18.470732
1960,19.034336
1961,11.188511
1962,37.51344
1963,29.58043
1964,36.084484
1965,34.653053
1966,41.0674
1967,51.142338
1968,51.825047
1969,64.56811
1970,59.666267
1971,-56.056633
1972,62.42001
1973,71.42848
1974,57.417458
1975,55.383446
1976,50.38481
1977,18.940908
1978,-115.23542
1979,42.987015
1980,51.995415
1981,-91.12154
1982,-98.065636
1983,-94.05165
1984,-96.62286
1985,-104.8077
1986,-100.551346
1987,-98.055824
1988,46.235935
1989,-4.9586935
1990,37.254868
1991,65.33611
1992,-53.64783
1993,-51.193363
1994,-121.88001
1995,64.82733
1996,-145.96521
1997,-134.02556
1998,-120.127625
1999,-79.33526
2000,-57.988995
2001,-98.08502
2002,-75.358215
2003,-68.73477
2004,-70.5479
2005,-86.51289
2006,76.53841
2007,74.8463
2008,-107.20619
2009,-64.8822
2010,-47.639244
2011,-86.18204
2012,-147.8223
2013,-136.29532
2014,40.726013
2015,58.385204
2016,68.47876
2017,54.30768
2018,58.810444
2019,-118.828735
2020,56.82486
2021,76.735725
2022,-33.333443
2023,-31.591194
2024,82.32298
2025,-42.141243
2026,-67.72883
2027,-82.44066
2028,-75.34989
2029,-91.23151
2030,59.03095
2031,69.64051
2032,-44.089317
2033,76.3604
2034,79.732925
2035,-51.773552
2036,-115.18386
2037,50.281418
2038,51.260986
2039,73.827
2040,-98.553185
2041,87.56261
2042,56.402298
2043,68.79891
2044,27.015263
2045,55.170593
2046,-122.045296
2047,-129.18765
2048,36.92343
2049,-125.93828
2050,67.62384
2051,61.55037
2052,34.799316
2053,14.04239
2054,49.88105
2055,42.527092
2056,51.154762
2057,47.479847
2058,17.43204
2059,53.897785
2060,53.016846
2061,37.864376
2062,46.679264
2063,46.56222
2064,43.529163
2065,56.187866
2066,31.447027
2067,55.201195
2068,65.90647
2069,56.600784
2070,56.565716
2071,54.336147
2072,48.21946
2073,54.04443
2074,57.551502
2075,67.94359
2076,70.02887
2077,65.74818
2078,63.50308
2079,59.243637
2080,52.018616
2081,58.405884
2082,64.36732
2083,66.06697
2084,63.672256
2085,57.15392
2086,57.70004
2087,49.635567
2088,35.446922
2089,38.013855
2090,45.370163
2091,50.869102
2092,51.872143
2093,60.380547
2094,-90.676315
2095,48.957108
2096,45.1122
2097,45.27143
2098,51.926018
2099,50.236176
2100,-108.03212
2101,39.655827
2102,45.282288
2103,43.22182
2104,-47.556908
2105,-56.29722
2106,-90.317795
2107,59.113842
2108,63.130344
2109,56.625553
2110,54.676643
2111,-75.47022
2112,-85.14688
2113,-57.23164
2114,-99.6538
2115,-91.746704
2116,-90.95082
2117,60.979855
2118,59.964417
2119,59.5134
2120,61.25715
2121,64.35385
2122,68.651855
2123,59.067764
2124,52.88059
2125,57.676586
2126,56.13219
2127,47.83652
2128,-92.22523
2129,-101.99438
2130,56.02532
2131,-105.943054
2132,53.055466
2133,58.821888
2134,61.002235
2135,-107.769066
2136,65.50696
2137,68.483795
2138,57.62172
2139,56.6379
2140,61.709084
2141,48.318096
2142,39.806973
2143,53.051426
2144,-107.32293
2145,45.932518
2146,47.06036
2147,-87.45035
2148,54.205444
2149,52.916836
2150,29.200666
2151,39.733624
2152,-88.72551
2153,41.88755
2154,43.26809
2155,37.880836
2156,46.132782
2157,41.501225
2158,50.321587
2159,-128.8961
2160,53.382305
2161,50.557728
2162,53.42369
2163,60.56918
2164,56.47574
2165,65.426445
2166,59.99423
2167,51.415623
2168,54.380173
2169,26.36276
2170,43.196285
2171,-93.25662
2172,-91.4814
2173,37.90543
2174,45.900475
2175,51.86533
2176,60.47905
2177,53.404778
2178,57.560165
2179,50.10681
2180,49.744125
2181,53.77335
2182,53.164738
2183,47.65248
2184,54.475315
2185,65.18897
2186,0.62562114
2187,66.37033
2188,68.50756
2189,60.17961
2190,63.782894
2191,69.31503
2192,63.480408
2193,72.68435
2194,63.910885
2195,81.08093
2196,69.7927
2197,75.116776
2198,74.48958
2199,73.90639
2200,86.06364
2201,78.263664
2202,82.452415
2203,81.59249
2204,71.230064
2205,63.04029
2206,56.515263
2207,62.20124
2208,55.535606
2209,58.638824
2210,60.38931
2211,67.74648
2212,-85.538506
2213,-83.72566
2214,-92.64405
2215,57.961563
2216,57.096016
2217,75.43698
2218,78.13407
2219,79.454025
2220,84.08226
2221,76.510506
2222,77.302956
2223,74.56021
2224,87.28208
2225,90.80165
2226,86.49499
2227,74.92719
2228,66.92945
2229,68.71599
2230,30.666119
2231,76.20581
2232,74.32905
2233,81.862885
2234,61.72839
2235,83.81397
2236,82.77643
2237,84.02671
2238,70.418045
2239,72.48062
2240,65.78642
2241,75.78819
2242,69.78848
2243,71.32859
2244,66.09071
2245,60.606003
2246,62.506912
2247,68.69406
2248,74.40235
2249,72.447784
2250,73.62347
2251,61.771408
2252,71.32774
2253,71.60991
2254,81.52309
2255,77.24814
2256,78.29185
2257,61.29963
2258,69.61937
2259,58.512814
2260,75.78489
2261,64.92663
2262,60.21332
2263,69.48134
2264,78.435074
2265,75.63332
2266,-85.72795
2267,72.75992
2268,70.3882
2269,70.51437
2270,72.082794
2271,69.34463
2272,66.09492
2273,80.35054
2274,59.40703
2275,59.717888
2276,36.343018
2277,66.083336
2278,78.97135
2279,67.445076
2280,65.1918
2281,70.96531
2282,70.48244
2283,-105.844025
2284,69.28163
2285,-105.0274
2286,59.114872
2287,71.58382
2288,-91.43838
2289,69.35868
2290,76.32486
2291,79.57335
2292,75.26871
2293,76.50036
2294,69.74834
2295,62.555267
2296,58.63305
2297,71.65014
2298,67.71493
2299,70.54347
2300,73.81481
2301,62.212673
2302,64.148766
2303,64.31869
2304,67.73466
2305,-89.22716
2306,-65.00126
2307,-102.93734
2308,-85.130615
2309,-71.34825
2310,-80.93574
2311,66.1605
2312,75.73347
2313,64.827156
2314,74.588936
2315,66.68876
2316,71.85317
2317,74.02829
2318,75.222496
2319,84.40805
2320,78.90234
2321,70.02221
2322,76.85499
2323,79.61481
2324,69.09081
2325,77.712036
2326,82.6625
2327,83.33578
2328,73.40792
2329,80.898994
2330,76.33421
2331,75.24574
2332,72.64363
2333,71.11983
2334,77.8363
2335,56.634823
2336,67.42159
2337,-57.053375
2338,73.07489
2339,75.15788
2340,81.75887
2341,92.991745
2342,80.13276
2343,74.604454
2344,80.69593
2345,78.432236
2346,80.35272
2347,80.047745
2348,82.00623
2349,79.40359
2350,88.282776
2351,80.852806
2352,90.2567
2353,73.77871
2354,-74.9665
2355,79.63713
2356,-70.01482
2357,60.9364
2358,71.64309
2359,66.75269
2360,64.05523
2361,-44.334812
2362,59.50014
2363,77.13763
2364,76.654686
2365,77.76498
2366,72.82456
2367,64.655396
2368,71.511826
2369,79.39416
2370,-23.664852
2371,-13.9095
2372,77.46934
2373,80.86124
2374,69.89453
2375,87.17453
2376,72.40742
2377,91.753044
2378,82.42489
2379,-20.365864
2380,-40.42618
2381,71.412735
2382,86.9567
2383,-19.321434
2384,-19.826138
2385,78.99903
2386,78.102455
2387,57.00941
2388,76.76549
2389,74.13612
2390,62.92902
2391,68.211174
2392,75.20147
2393,69.09414
2394,66.125565
2395,81.855835
2396,75.295006
2397,-22.716225
2398,84.96912
2399,66.19917
2400,81.324615
2401,-24.782646
2402,83.91525
2403,60.190037
2404,11.836612
2405,83.45697
2406,59.741486
2407,67.16316
2408,52.87421
2409,77.64482
2410,72.34024
2411,60.747128
2412,89.874115
2413,92.52097
2414,-10.0473
2415,-14.598134
2416,72.80268
2417,45.179012
2418,-4.7029986
2419,61.459263
2420,75.42891
2421,78.4344
2422,35.119595
2423,72.31483
2424,12.05377
2425,78.16679
2426,78.73005
2427,50.149498
2428,69.09683
2429,60.77718
2430,68.08655
2431,77.83506
2432,75.25757
2433,78.62454
2434,82.395325
2435,79.21608
2436,67.35063
2437,78.77914
2438,83.18729
2439,83.58373
2440,-69.60262
2441,85.727295
2442,89.027664
2443,87.07354
2444,90.62917
2445,78.594986
2446,80.80836
2447,81.15541
2448,85.68681
2449,85.14814
2450,80.32372
2451,81.6527
2452,80.03932
2453,86.590256
2454,79.989555
2455,79.85204
2456,71.06159
2457,89.074844
2458,95.42658
2459,86.97361
2460,86.04307
2461,81.53654
2462,84.01087
2463,85.79627
2464,93.44253
2465,97.37817
2466,95.54667
2467,87.70456
2468,81.09918
2469,-60.39582
2470,88.197586
2471,82.56176
2472,75.62681
2473,95.19542
2474,93.566055
2475,86.581566
2476,87.76554
2477,85.50648
2478,74.87283
2479,80.22287
2480,75.31096
2481,78.6184
2482,79.015686
2483,76.745804
2484,72.55169
2485,-40.478848
2486,90.91831
2487,92.82628
2488,100.708954
2489,-20.606941
2490,89.83255
2491,90.646065
2492,88.76115
2493,82.69029
2494,-49.48494
2495,89.24051
2496,82.51175
2497,-28.206322
2498,95.90065
2499,-65.64432
2500,-48.31497
2501,-59.838856
2502,74.6242
2503,83.48657
2504,82.674065
2505,95.821045
2506,82.74531
2507,88.479675
2508,96.93667
2509,81.75688
2510,98.457466
2511,-78.04057
2512,79.78479
2513,77.67259
2514,80.17499
2515,88.00152
2516,101.59637
2517,-58.724667
2518,109.38347
2519,106.2312
2520,103.938324
2521,86.73153
2522,75.19311
2523,79.08504
2524,85.288956
2525,93.16364
2526,92.640656
2527,85.01062
2528,90.855835
2529,55.76288
2530,69.37036
2531,68.18585
2532,91.08443
2533,84.566986
2534,68.31048
2535,-72.550835
2536,73.6161
2537,71.91718
2538,-45.100155
2539,-47.042507
2540,-88.55978
2541,-103.05397
2542,8.528201
2543,-84.71397
2544,5.4782863
2545,-82.68628
2546,-97.23486
2547,-38.514786
2548,63.85184
2549,86.19049
2550,-29.708475
2551,77.82229
2552,51.80335
2553,-77.67417
2554,18.928558
2555,-27.624525
2556,85.56964
2557,-41.11573
2558,81.75624
2559,94.15017
2560,-135.76973
2561,91.64563
2562,-11.96347
2563,-1.9394816
2564,-59.345234
2565,-4.724996
2566,-141.63724
2567,-156.60518
2568,-4.662938
2569,-33.847866
2570,88.998665
2571,-25.761349
2572,-32.982746
2573,54.249763
2574,-44.15077
2575,-42.07319
2576,-33.33558
2577,82.59861
2578,51.68477
2579,21.145792
2580,43.93235
2581,-37.018867
2582,-34.896816
2583,-34.00821
2584,42.213596
2585,63.95825
2586,79.59918
2587,69.17163
2588,65.92693
2589,67.54467
2590,70.87995
2591,68.38838
2592,69.662056
2593,67.60155
2594,75.17151
2595,60.536407
2596,53.194378
2597,-52.834488
2598,78.012184
2599,83.64203
2600,-32.96486
2601,84.067825
2602,-33.7015
2603,85.11435
2604,-30.596924
2605,-46.28893
2606,-69.879745
2607,-17.092644
2608,-66.83129
2609,-63.28348
2610,69.18829
2611,72.39824
2612,-52.24455
2613,-39.97882
2614,54.656803
2615,53.840885
2616,46.15143
2617,54.471584
2618,-32.326607
2619,-54.42195
2620,49.236603
2621,27.409655
2622,7.810542
2623,18.02559
2624,29.962606
2625,60.31519
2626,41.21097
2627,33.146053
2628,40.817253
2629,46.475407
2630,-118.17861
2631,34.697906
2632,41.169685
2633,49.710712
2634,56.67065
2635,54.321808
2636,39.87155
2637,26.723284
2638,12.013449
2639,3.431022
2640,3.7358763
2641,-107.814285
2642,22.743763
2643,19.95397
2644,-102.4307
2645,1.6454777
2646,8.356257
2647,17.573671
2648,23.932264
2649,27.986908
2650,42.16925
2651,-67.678116
2652,17.292953
2653,38.62381
2654,-105.12243
2655,63.653362
2656,40.126114
2657,-96.99848
2658,62.87008
2659,67.13051
2660,-93.87766
2661,63.446632
2662,-55.742844
2663,61.87031
2664,39.199306
2665,-118.64803
2666,22.92487
2667,24.033108
2668,49.906376
2669,57.873455
2670,66.472084
2671,73.607544
2672,75.14919
2673,-64.81604
2674,61.144928
2675,70.469025
2676,63.354694
2677,61.537254
2678,65.97159
2679,57.774414
2680,59.806927
2681,65.15931
2682,86.149216
2683,70.543594
2684,43.922695
2685,24.004005
2686,17.924269
2687,-103.87494
2688,-89.01991
2689,41.144657
2690,39.20067
2691,37.118275
2692,13.901237
2693,16.705069
2694,-97.99418
2695,25.240967
2696,-79.04526
2697,25.232693
2698,-79.11537
2699,7.856804
2700,-15.886936
2701,-16.61634
2702,-12.375863
2703,-22.421265
2704,-35.905563
2705,-109.899796
2706,-37.1678
2707,-107.474266
2708,-29.152597
2709,-21.653883
2710,-109.46153
2711,-8.3932295
2712,-108.22331
2713,-22.00377
2714,-112.36636
2715,-18.004053
2716,-118.55623
2717,-120.340256
2718,-19.968336
2719,-126.35304
2720,-97.9041
2721,-103.67691
2722,-132.34537
2723,-129.7368
2724,-140.53833
2725,-133.8604
2726,-41.941162
2727,-113.497116
2728,-137.29434
2729,15.564755
2730,15.054526
2731,-31.5164
2732,-117.236176
2733,-11.502253
2734,4.1057587
2735,9.989681
2736,26.261087
2737,13.85413
2738,-0.33063626
2739,15.111634
2740,42.659985
2741,61.985603
2742,49.95934
2743,60.582832
2744,-26.157467
2745,-13.490345
2746,6.2326374
2747,31.095394
2748,51.961933
2749,47.010918
2750,37.433594
2751,29.766047
2752,31.48582
2753,66.41607
2754,62.21646
2755,-112.18548
2756,52.937614
2757,-114.42213
2758,-89.44399
2759,-78.651695
2760,-99.98375
2761,26.963633
2762,10.131782
2763,6.191639
2764,-13.090277
2765,-12.264372
2766,-103.62971
2767,17.399044
2768,5.893149
2769,10.884551
2770,7.6793513
2771,-4.9616466
2772,14.675177
2773,-93.97485
2774,-100.87269
2775,-35.267086
2776,-123.259605
2777,-117.40116
2778,-38.22809
2779,-139.09657
2780,3.5834615
2781,-129.1643
2782,-128.9901
2783,-130.92491
2784,-128.97614
2785,42.704407
2786,53.107773
2787,-117.227264
2788,59.419025
2789,30.29951
2790,-114.56275
2791,12.844436
2792,9.276888
2793,28.551144
2794,34.001656
2795,40.107082
2796,42.67797
2797,8.116255
2798,-124.49383
2799,11.362041
2800,-6.684581
2801,6.9390373
2802,17.297346
2803,30.977564
2804,53.803616
2805,49.18906
2806,64.334335
2807,62.999947
2808,69.108826
2809,64.46082
2810,58.27911
2811,49.834568
2812,67.145966
2813,62.046047
2814,51.36538
2815,45.64192
2816,35.29504
2817,12.787186
2818,35.749496
2819,-117.50244
2820,59.678295
2821,47.869244
2822,31.576683
2823,19.454018
2824,2.4706042
2825,-7.0808253
2826,-6.2767196
2827,21.486383
2828,31.227388
2829,1.3185261
2830,-119.37497
2831,11.478172
2832,9.1725855
2833,-119.87147
2834,31.95821
2835,-120.209404
2836,-118.10589
2837,-119.4244
2838,-131.81474
2839,35.797356
2840,33.536453
2841,20.73232
2842,23.555452
2843,-132.11507
2844,-126.54044
2845,-136.0395
2846,-141.7282
2847,45.43469
2848,-138.03502
2849,46.08526
2850,26.495184
2851,37.672836
2852,-143.1946
2853,30.878262
2854,-112.95239
2855,-116.66126
2856,-137.07196
2857,23.662111
2858,-122.57294
2859,-135.40044
2860,-110.39132
2861,28.475634
2862,-127.69847
2863,10.394649
2864,-12.69156
2865,-5.768427
2866,-128.1798
2867,-121.895355
2868,-25.285501
2869,-111.44289
2870,44.540253
2871,47.176105
2872,30.080137
2873,39.52808
2874,40.18992
2875,43.959766
2876,47.09267
2877,54.547237
2878,24.33504
2879,22.499237
2880,27.597984
2881,-121.86899
2882,-124.6287
2883,35.903942
2884,-87.051605
2885,-78.71543
2886,36.521988
2887,-84.9828
2888,-119.23546
2889,-118.86422
2890,-124.082924
2891,-118.547165
2892,-119.69924
2893,-119.51887
2894,-123.507126
2895,-123.24673
2896,-6.2476587
2897,15.562837
2898,-124.617424
2899,22.74612
2900,-123.984726
2901,-122.89633
2902,37.860844
2903,-129.28293
2904,-126.15717
2905,-127.90907
2906,-125.706726
2907,46.137653
2908,40.249794
2909,35.777153
2910,3.5398374
2911,11.202486
2912,28.36756
2913,52.506233
2914,-143.5102
2915,-140.25003
2916,-135.21109
2917,41.1122
2918,-127.935265
2919,48.880764
2920,38.896824
2921,47.36971
2922,36.696392
2923,-121.36678
2924,-117.41339
2925,-114.13535
2926,-124.7449
2927,43.087776
2928,-122.74311
2929,-120.63504
2930,-116.873856
2931,55.447117
2932,-118.429794
2933,38.277237
2934,36.9669
2935,28.227987
2936,-74.1781
2937,-138.67201
2938,-101.95487
2939,-105.75675
2940,50.204243
2941,-115.11942
2942,-81.868484
2943,-101.71761
2944,-125.08292
2945,-121.6926
2946,-123.53285
2947,-125.071045
2948,37.83617
2949,-75.38877
2950,-139.05768
2951,-99.55167
2952,-127.82144
2953,41.33654
2954,-136.07735
2955,46.766766
2956,53.37153
2957,45.737713
2958,-84.33923
2959,1.662584
2960,-9.599978
2961,-15.909553
2962,-102.14095
2963,-114.43804
2964,-117.03946
2965,35.761116
2966,-120.43733
2967,-102.92506
2968,-109.62736
2969,-106.82516
2970,-110.08503
2971,-114.962074
2972,-126.14308
2973,36.96467
2974,-111.4328
2975,-116.06029
2976,-121.483864
2977,-131.03683
2978,-117.72644
2979,-129.34755
2980,-140.18378
2981,-116.68024
2982,-143.55637
2983,-129.92725
2984,-28.29852
2985,-38.048767
2986,-29.026358
2987,-113.7913
2988,-112.241714
2989,-118.2169
2990,-134.1782
2991,-110.02428
2992,4.3603415
2993,17.964872
2994,-27.6208
2995,16.432024
2996,-3.612645
2997,-110.175705
2998,-119.247795
2999,-116.15539
