,"Algo generation: 2, gene: (411, 2)"
0,-114.17726
1,-113.83097
2,-113.54048
3,-108.55682
4,-115.84374
5,-113.5153
6,-109.30813
7,-113.34157
8,-17.916412
9,-19.341278
10,-118.53504
11,-105.76395
12,-16.473606
13,-115.03021
14,-18.351177
15,-13.3666115
16,-112.72444
17,-18.9908
18,-120.46388
19,-104.78196
20,-102.88542
21,-15.449882
22,-106.32385
23,-103.03706
24,-15.4848
25,-15.984307
26,-10.952762
27,-16.231575
28,-111.07506
29,-12.672038
30,-96.13591
31,-107.60278
32,-112.85546
33,-101.0954
34,-10.26055
35,-19.563637
36,-12.672988
37,-13.79598
38,-16.56626
39,-101.43023
40,-106.21156
41,-105.39393
42,-113.07867
43,-19.299252
44,-15.576403
45,-107.05503
46,-106.970055
47,-115.51877
48,-13.461288
49,-104.20402
50,-10.576029
51,-16.106556
52,-112.550476
53,-111.829666
54,-132.27194
55,-111.49562
56,-109.795456
57,-11.942825
58,-109.95971
59,-112.09822
60,-12.024603
61,-15.694766
62,-12.729991
63,-102.11065
64,-18.37611
65,-21.315765
66,-13.818311
67,-17.111961
68,-21.022543
69,-17.983727
70,-115.72783
71,-98.67213
72,-104.98183
73,-114.9381
74,-106.89624
75,-9.389687
76,-14.743623
77,-100.32221
78,-24.860458
79,-12.785143
80,-99.03605
81,-101.89539
82,-101.33649
83,-101.04699
84,-25.680645
85,-102.6187
86,-18.957159
87,-102.90802
88,-97.51491
89,-100.983345
90,-100.81304
91,-6.835756
92,-111.792175
93,-97.95814
94,-97.67361
95,-12.0532255
96,-99.84962
97,-105.30929
98,-104.87398
99,-14.409469
100,-101.205864
101,-104.5306
102,-103.722336
103,-110.18562
104,-116.120415
105,-100.53529
106,-106.28335
107,-100.58761
108,-110.83702
109,-101.83083
110,-110.906265
111,-102.781
112,-16.025993
113,-99.21313
114,-19.416544
115,-10.256673
116,-21.143135
117,-103.89039
118,-99.199234
119,-116.089874
120,-100.4873
121,-99.72352
122,-100.08426
123,-98.22457
124,-112.59447
125,-100.1105
126,-97.60542
127,-115.58952
128,-11.258389
129,-113.99993
130,-115.27089
131,-100.78575
132,-122.65265
133,-97.164856
134,-101.047386
135,-111.74436
136,-103.02007
137,-120.44995
138,-111.48763
139,-15.470933
140,-19.345947
141,-16.06363
142,-18.080143
143,-18.999647
144,-119.734024
145,-15.530356
146,-9.886905
147,-9.611907
148,-100.34401
149,-120.08506
150,-99.752205
151,-97.75168
152,-105.73175
153,-15.752597
154,-13.756228
155,-9.652321
156,-8.679666
157,-14.571531
158,-20.073402
159,-100.836716
160,-102.407745
161,-15.000219
162,-96.21375
163,-95.85487
164,-93.37139
165,-93.84791
166,-96.509796
167,-93.47331
168,-100.6292
169,-101.93739
170,-17.373772
171,-101.98832
172,-107.76051
173,-15.98076
174,-98.68106
175,-99.03177
176,-115.79076
177,-104.237686
178,-115.37252
179,-98.523964
180,-100.85011
181,-10.484413
182,-7.2257743
183,-99.81139
184,-104.99198
185,-98.27202
186,-118.25554
187,-114.1747
188,-13.740424
189,-100.54392
190,-101.620186
191,-110.61483
192,-27.45398
193,-99.49278
194,-17.565115
195,-102.169365
196,-23.08391
197,-25.381897
198,-20.645102
199,-99.793884
200,-99.366165
201,-93.83942
202,-95.64222
203,-16.38219
204,-6.9581347
205,-101.21461
206,-99.21872
207,-122.01618
208,-98.53927
209,-95.65947
210,-101.47355
211,-113.33646
212,-115.407684
213,-12.547846
214,-17.825407
215,-105.29683
216,-16.913298
217,-103.22486
218,-102.95285
219,-98.363075
220,-100.3339
221,-104.91827
222,-104.51486
223,-106.64175
224,-100.880806
225,-97.34402
226,-14.86234
227,-106.79795
228,-21.599617
229,-103.05811
230,-101.628716
231,-17.875273
232,-13.230774
233,-93.715675
234,-101.13332
235,-99.24401
236,-109.398895
237,-114.368675
238,-105.39106
239,-98.28628
240,-98.1013
241,-101.97694
242,-21.723356
243,-118.91857
244,-103.07901
245,-18.447414
246,-104.72095
247,-98.11089
248,-98.21731
249,-103.48479
250,-113.02198
251,-109.62811
252,-98.61958
253,-94.916824
254,-16.01074
255,-102.060684
256,-23.39653
257,-14.095043
258,-10.7694845
259,-101.45167
260,-99.96545
261,-100.30353
262,-105.104416
263,-16.047062
264,-24.751703
265,-27.124311
266,-11.627505
267,-94.14275
268,-99.5868
269,-7.8778267
270,-25.088804
271,-124.80527
272,-103.44244
273,-101.41534
274,-90.57822
275,-99.382484
276,-99.35175
277,-96.504166
278,-94.34121
279,-89.97022
280,-102.479546
281,-98.913246
282,-98.01446
283,-100.89597
284,-100.69676
285,-16.097864
286,-99.97975
287,-118.4391
288,-101.1177
289,-7.5869513
290,-12.263355
291,-96.114586
292,-99.138176
293,-98.15747
294,-100.08507
295,-99.696365
296,-100.930084
297,-101.503975
298,-98.97259
299,-103.65674
300,-100.492836
301,-16.933132
302,-99.756996
303,-102.14079
304,-98.75507
305,-95.56646
306,-99.59377
307,-102.3284
308,-113.74071
309,-112.3929
310,-106.324234
311,-99.0611
312,-108.78232
313,-21.02442
314,-24.360622
315,-125.25848
316,-96.676476
317,-122.77454
318,-96.398476
319,-97.08184
320,-17.469204
321,-100.04032
322,-98.241585
323,-13.890525
324,-100.921074
325,-98.402245
326,-15.279698
327,-104.34985
328,-98.716034
329,-97.90259
330,-101.38631
331,-101.74858
332,-97.00528
333,-104.58259
334,-100.87381
335,-105.09335
336,-102.93475
337,-109.0995
338,-104.59221
339,-102.40649
340,-98.020546
341,-101.410645
342,-100.71703
343,-128.61414
344,-23.22382
345,-96.996994
346,-109.479034
347,-105.39581
348,-108.91082
349,-120.06521
350,-105.2679
351,-31.939154
352,-105.23476
353,-21.198526
354,-107.881744
355,-18.310936
356,-12.8262415
357,-16.211859
358,-97.02164
359,-108.43521
360,-103.34565
361,-106.18037
362,-92.20597
363,-97.155205
364,-106.92576
365,-106.91346
366,-95.995445
367,-101.60813
368,-97.18201
369,-96.43754
370,-135.07162
371,-97.24539
372,-103.46739
373,-99.58132
374,-106.655525
375,-105.72591
376,-100.98573
377,-100.054794
378,-105.995766
379,-104.643265
380,-110.47934
381,-107.06613
382,-109.567375
383,-105.44436
384,-99.10339
385,-102.12573
386,-98.886345
387,-106.65594
388,-105.03613
389,-103.276344
390,-104.151505
391,-103.579796
392,-106.50327
393,-100.694046
394,-124.51516
395,-122.33296
396,-104.18905
397,-100.44899
398,-101.4187
399,-100.9531
400,-102.42526
401,-130.64722
402,-101.90229
403,-98.49983
404,-101.19734
405,-139.06473
406,-107.12787
407,-106.742935
408,-95.80096
409,-99.258354
410,-106.30631
411,-101.76436
412,-105.342674
413,-100.233734
414,-126.32306
415,-102.94843
416,-99.39521
417,-96.74756
418,-103.50029
419,-103.84588
420,-105.206184
421,-106.50082
422,-105.3396
423,-105.59452
424,-102.72766
425,-102.26779
426,-103.20179
427,-100.94611
428,-102.20134
429,-104.44298
430,-106.1799
431,-112.13262
432,-102.61929
433,-103.73719
434,-116.748955
435,-109.50769
436,-105.82986
437,-104.38411
438,-104.07762
439,-104.80609
440,-102.61105
441,-102.56908
442,-103.91973
443,-106.25721
444,-100.78151
445,-107.153435
446,-107.308716
447,-113.711136
448,-111.447716
449,-103.61632
450,-120.97834
451,-103.29468
452,-105.65511
453,-105.94167
454,-101.8545
455,-108.511314
456,-108.42821
457,-103.86971
458,-105.25985
459,-104.519135
460,-110.78337
461,-102.65266
462,-101.04996
463,-100.362
464,-104.11686
465,-103.67486
466,-104.36919
467,-101.931656
468,-102.37152
469,-98.06714
470,-99.9437
471,-123.52027
472,-102.72363
473,-109.04186
474,-115.23792
475,-107.462616
476,-106.12092
477,-102.37221
478,-100.611755
479,-104.68996
480,-97.646255
481,-121.78611
482,-106.26114
483,-31.882305
484,-107.20711
485,-99.75862
486,-102.233894
487,-101.53002
488,-98.51111
489,-14.5606
490,-101.1606
491,-100.31441
492,-103.00755
493,-101.8886
494,-104.51153
495,-98.628204
496,-98.37278
497,-102.608345
498,-103.349205
499,-136.05363
500,-15.607344
501,-108.17749
502,-11.945841
503,-103.26556
504,-104.488556
505,-102.95011
506,-101.17489
507,-131.50377
508,-100.179115
509,-109.368965
510,-102.40507
511,-103.228424
512,-102.485344
513,-104.942764
514,-105.29952
515,-103.240776
516,-95.08179
517,-109.66698
518,-103.50848
519,-13.811392
520,-30.890442
521,-24.624233
522,-111.2923
523,-112.17947
524,-105.6342
525,-20.95927
526,-27.781128
527,-30.753386
528,-104.27469
529,-114.09488
530,-103.024376
531,-104.26106
532,-101.9324
533,-99.423294
534,-99.85214
535,-97.5954
536,-1.1150295
537,-104.44124
538,-104.30733
539,-105.57327
540,-101.59239
541,-106.71343
542,-106.67025
543,-111.39507
544,-102.41324
545,-100.57954
546,-99.91222
547,-10.568948
548,-13.944793
549,-14.475128
550,-23.813305
551,-18.733458
552,-16.041857
553,-99.506645
554,-97.288345
555,-104.98549
556,-127.46698
557,-104.12944
558,-104.496185
559,-101.96624
560,-105.55347
561,-100.29188
562,-101.867424
563,-107.82639
564,-102.390274
565,-99.54176
566,-94.69057
567,-100.93887
568,-100.46183
569,-102.47664
570,16.720467
571,-13.745349
572,-100.52611
573,-101.76667
574,5.082198
575,-122.03778
576,-15.312002
577,-135.54773
578,-97.33093
579,-102.38071
580,-101.60397
581,-100.70213
582,-131.8651
583,-95.37221
584,-90.83557
585,-96.45273
586,-97.64074
587,-126.296814
588,-99.67397
589,-97.52674
590,-87.969765
591,-99.13068
592,-93.342896
593,-99.55125
594,-110.41814
595,-12.030752
596,-97.26633
597,-96.57538
598,-83.45918
599,-101.91768
600,-99.835075
601,-89.77249
602,-92.34162
603,-87.97521
604,-93.86596
605,-99.30575
606,-21.20624
607,-95.63961
608,-90.805374
609,-79.964066
610,-73.128525
611,-15.26224
612,-14.081709
613,-88.70742
614,-94.82581
615,-133.95422
616,-94.57822
617,-8.888819
618,-9.959469
619,-16.78992
620,-11.8665495
621,7.035784
622,-21.177584
623,-24.251778
624,-96.93653
625,-99.967896
626,-100.0727
627,-94.502426
628,9.408976
629,22.4534
630,-103.41896
631,-97.51794
632,-97.413536
633,-100.922745
634,-104.72423
635,-10.010949
636,-97.18007
637,-103.454216
638,-20.169416
639,-14.10507
640,-101.19965
641,-22.113907
642,-96.66179
643,-105.73009
644,-99.25819
645,-99.62992
646,-100.58517
647,-98.856125
648,-96.83545
649,-16.741777
650,-19.155487
651,-100.88827
652,-95.0672
653,-101.33159
654,-99.088
655,-94.19021
656,-100.30089
657,-11.686818
658,-3.0089705
659,-114.1213
660,-97.0576
661,-92.05776
662,-96.90648
663,-94.62386
664,-146.36505
665,-94.47607
666,-6.6637244
667,-3.0500102
668,-23.301685
669,-13.55661
670,-96.07843
671,-17.947222
672,-90.52915
673,-3.4476209
674,-96.91606
675,-103.83925
676,-96.403824
677,0.9471101
678,-9.990998
679,-7.4952874
680,-12.667699
681,-23.244682
682,-11.952427
683,-102.65138
684,-102.5021
685,-7.0692058
686,-136.16676
687,-99.83136
688,-97.292885
689,-100.20085
690,-101.35477
691,-98.39257
692,-90.59697
693,-93.155266
694,6.037384
695,10.104397
696,2.565932
697,-111.26645
698,-10.716011
699,15.459382
700,-1.126346
701,-92.551796
702,-96.038414
703,-94.63433
704,-12.235451
705,-0.797619
706,2.0498316
707,-98.02063
708,-130.25168
709,-13.302404
710,-93.215836
711,-95.1832
712,-108.505516
713,14.086634
714,19.417889
715,-122.810814
716,-97.84459
717,-95.65571
718,-94.55908
719,-89.07065
720,-92.11949
721,-1.1614357
722,-119.41342
723,7.702905
724,-4.047991
725,15.567353
726,17.377525
727,-98.68004
728,-9.574974
729,-16.195612
730,-79.3182
731,-100.63591
732,-83.19393
733,-107.3346
734,-22.91604
735,-107.844826
736,-19.162489
737,18.843267
738,-125.99463
739,-28.763664
740,-1.966249
741,-8.7285795
742,-9.857105
743,-19.154287
744,-10.073736
745,-1.5080935
746,-105.882225
747,-80.22418
748,-102.7201
749,25.437706
750,20.76979
751,-99.057274
752,27.630281
753,-91.32598
754,11.761887
755,10.021361
756,5.971284
757,-14.94164
758,8.860573
759,-96.83657
760,-84.24559
761,-95.30396
762,2.2588482
763,10.305998
764,-89.45051
765,-89.64726
766,-91.41499
767,27.662193
768,-77.77937
769,28.478096
770,-98.45711
771,-78.95514
772,-79.59958
773,25.625889
774,27.269533
775,16.050816
776,-71.53823
777,-132.31259
778,-92.34287
779,-110.138245
780,-73.600136
781,-139.72461
782,-73.14402
783,-90.819855
784,-82.13698
785,-140.47504
786,-97.870636
787,-110.06908
788,-83.34665
789,13.777612
790,19.940477
791,-101.526726
792,34.902863
793,-120.68992
794,-73.396866
795,-92.193825
796,28.211046
797,-73.40668
798,-78.62037
799,-82.685715
800,-94.19579
801,-87.4877
802,-88.5808
803,-95.58156
804,-83.88917
805,-86.644165
806,-89.66184
807,-94.61812
808,-91.54942
809,-91.707825
810,-77.91968
811,-88.55383
812,-4.213334
813,-7.4178457
814,12.295496
815,-4.5297666
816,-2.0381298
817,-91.480995
818,-89.37131
819,-88.94587
820,-71.67558
821,-101.76245
822,-89.74675
823,-67.30046
824,-93.98142
825,-69.419525
826,32.95072
827,-70.43617
828,-97.7533
829,28.179716
830,-90.63029
831,24.514156
832,-90.94357
833,-106.24456
834,-82.03777
835,20.617773
836,29.097586
837,-82.000374
838,13.714994
839,22.127296
840,31.73727
841,18.09459
842,19.273893
843,18.294518
844,29.73337
845,-94.617645
846,-97.112946
847,32.325813
848,34.12175
849,-83.9579
850,-65.660416
851,-102.744896
852,-72.44428
853,-87.49866
854,-81.6037
855,-123.77228
856,18.02574
857,20.087639
858,-79.23836
859,-80.30728
860,-85.07073
861,-72.83145
862,-80.65685
863,-76.48689
864,28.52357
865,11.045644
866,9.03312
867,-97.383606
868,-69.386055
869,24.678463
870,9.914034
871,17.543192
872,-96.71271
873,8.496805
874,7.354123
875,-69.33794
876,-83.67979
877,-86.354324
878,-98.969154
879,13.262605
880,11.6548605
881,11.580334
882,-17.812574
883,3.847572
884,-8.554687
885,1.0538716
886,-74.59707
887,-92.96331
888,-84.497574
889,-88.42501
890,15.205791
891,4.7747197
892,-1.1632323
893,-18.003126
894,-13.259534
895,-24.143887
896,-16.873592
897,-18.365303
898,13.23984
899,16.242655
900,-90.651535
901,-77.76164
902,-87.23681
903,-98.61041
904,-101.029816
905,18.396177
906,-86.45082
907,-82.97308
908,-90.31135
909,-99.46299
910,-78.503494
911,-85.97431
912,-89.560555
913,-90.697
914,-90.25063
915,-90.44881
916,-26.620972
917,-22.67315
918,-5.034298
919,-81.71759
920,-94.06984
921,42.91353
922,29.9915
923,-96.528534
924,-97.572586
925,-82.56623
926,4.540697
927,-105.12639
928,-0.82857597
929,-78.77081
930,-92.68865
931,-90.886444
932,-11.279874
933,-8.149217
934,-88.01373
935,1.4765333
936,9.321147
937,-87.7729
938,-82.146904
939,-69.606476
940,-79.45761
941,-80.56878
942,-89.487144
943,-91.40769
944,34.27502
945,-14.068358
946,-100.909164
947,-95.10549
948,-8.456759
949,-86.77184
950,-87.15689
951,29.182228
952,17.91788
953,26.165554
954,11.320735
955,13.864029
956,-65.59
957,-73.49005
958,38.026924
959,-79.30765
960,24.184172
961,22.644535
962,40.046665
963,-84.126976
964,-84.06037
965,-84.25348
966,-89.375015
967,-66.81729
968,-88.57338
969,-90.1674
970,-87.00617
971,-87.584366
972,28.213736
973,-78.372856
974,-89.74242
975,-86.375854
976,47.279266
977,-115.12974
978,22.972498
979,-82.71783
980,-88.67635
981,-91.68359
982,-82.05551
983,-94.28969
984,27.186314
985,-92.47163
986,-85.57458
987,-84.57632
988,-90.398224
989,7.8481793
990,-85.02994
991,9.589643
992,-93.152374
993,40.027496
994,-94.25038
995,-80.673065
996,5.956756
997,15.430147
998,-98.97298
999,3.5294707
1000,-99.32305
1001,16.88995
1002,-93.48917
1003,23.863646
1004,11.630781
1005,2.8595188
1006,-90.49076
1007,-89.81252
1008,29.535315
1009,37.139908
1010,-93.49083
1011,32.643898
1012,-62.606915
1013,-88.39149
1014,-99.37241
1015,11.137137
1016,-86.996864
1017,4.391638
1018,12.216758
1019,17.847124
1020,15.421568
1021,-87.20356
1022,-83.33928
1023,-84.56324
1024,-95.04737
1025,-101.45024
1026,-100.27796
1027,-81.493286
1028,-102.12719
1029,-89.78992
1030,-96.48043
1031,-96.49109
1032,15.36992
1033,28.260998
1034,-89.76772
1035,-95.674835
1036,-94.82963
1037,26.521175
1038,-92.5268
1039,-91.35065
1040,-79.48205
1041,-84.42262
1042,-79.3392
1043,-85.39715
1044,-80.59627
1045,-68.12791
1046,-69.12027
1047,37.455387
1048,17.773178
1049,-84.12982
1050,-80.86828
1051,40.89555
1052,-77.28888
1053,-73.48408
1054,-70.400925
1055,-79.57126
1056,-92.48938
1057,27.378847
1058,23.32498
1059,-74.08755
1060,-83.31948
1061,-89.45497
1062,24.853306
1063,35.381485
1064,-116.80572
1065,27.326109
1066,28.211168
1067,-71.7093
1068,39.44865
1069,36.065536
1070,-85.67108
1071,29.915268
1072,38.150528
1073,38.978905
1074,23.435799
1075,16.173304
1076,18.653147
1077,-86.56503
1078,-69.82496
1079,39.098454
1080,-69.54434
1081,-89.562256
1082,-81.40855
1083,-89.42178
1084,-90.484856
1085,-98.16801
1086,18.529102
1087,12.026857
1088,-76.34993
1089,34.832867
1090,40.002735
1091,-97.318985
1092,-89.46724
1093,-94.076675
1094,30.81236
1095,25.830282
1096,-79.69134
1097,-91.10516
1098,-89.7007
1099,34.15776
1100,-79.96364
1101,38.400265
1102,23.04959
1103,-90.70961
1104,-80.895645
1105,-93.548256
1106,-79.980995
1107,-93.01436
1108,29.538414
1109,32.230663
1110,43.47799
1111,36.845783
1112,-82.41972
1113,-78.99904
1114,-64.03139
1115,45.3863
1116,45.550026
1117,-68.468
1118,45.795006
1119,-81.47246
1120,47.04455
1121,41.019352
1122,23.800705
1123,36.496315
1124,33.98351
1125,-80.08508
1126,-103.47055
1127,-63.046192
1128,-58.717228
1129,47.720642
1130,43.57586
1131,49.032776
1132,47.753456
1133,32.961857
1134,32.965263
1135,42.721516
1136,-86.576355
1137,-76.50699
1138,-80.6348
1139,43.281708
1140,48.428173
1141,-56.34356
1142,48.00516
1143,54.816547
1144,51.03032
1145,54.196037
1146,44.24178
1147,41.900097
1148,43.658394
1149,46.58452
1150,-84.18335
1151,-98.182434
1152,39.42539
1153,41.35617
1154,39.384083
1155,40.14435
1156,31.701332
1157,33.93756
1158,32.256935
1159,-65.39272
1160,-86.491844
1161,-82.07422
1162,40.252808
1163,50.47103
1164,57.968506
1165,-63.067123
1166,35.449326
1167,34.588768
1168,19.515202
1169,-84.61943
1170,53.344624
1171,50.886257
1172,-61.689003
1173,53.50789
1174,61.450527
1175,72.19013
1176,59.11845
1177,64.370316
1178,41.44609
1179,36.581768
1180,-89.939575
1181,-108.28289
1182,-96.57653
1183,43.949554
1184,48.918915
1185,41.57274
1186,-87.338356
1187,39.990803
1188,-80.23756
1189,-92.79803
1190,-62.72715
1191,-89.59939
1192,-84.55376
1193,28.167667
1194,-62.065636
1195,53.471004
1196,-62.44237
1197,54.85283
1198,54.401566
1199,-69.46533
1200,-76.98592
1201,-75.88536
1202,-52.848816
1203,-82.6678
1204,-70.78372
1205,54.12075
1206,-80.62039
1207,-81.28491
1208,56.831554
1209,-81.841385
1210,-95.25259
1211,-45.480614
1212,63.084675
1213,-71.72896
1214,-76.65874
1215,54.28804
1216,-89.45145
1217,-87.621254
1218,-119.88521
1219,-124.09011
1220,65.25157
1221,60.340397
1222,51.232006
1223,57.47915
1224,34.92429
1225,55.004337
1226,58.26319
1227,57.59165
1228,68.87209
1229,-85.79518
1230,70.889114
1231,69.362946
1232,54.58009
1233,57.968292
1234,67.26251
1235,67.871216
1236,54.713627
1237,43.00521
1238,38.08821
1239,42.124897
1240,50.17531
1241,58.918514
1242,-61.948822
1243,-63.849663
1244,-79.22457
1245,-85.89066
1246,-69.32033
1247,-72.79416
1248,-83.325096
1249,65.04778
1250,-79.20998
1251,-85.59326
1252,-67.22171
1253,45.279053
1254,50.02493
1255,54.379738
1256,-57.310787
1257,-84.40978
1258,81.0205
1259,-51.912518
1260,55.10165
1261,74.81327
1262,-76.269
1263,-49.1828
1264,-50.34462
1265,-46.146572
1266,-75.82574
1267,64.0904
1268,62.62435
1269,-35.868713
1270,55.99909
1271,55.9947
1272,-53.054398
1273,71.64974
1274,-92.84486
1275,67.45001
1276,67.79828
1277,-125.83627
1278,-96.77493
1279,55.93582
1280,-86.09028
1281,67.69811
1282,61.868572
1283,-98.40753
1284,70.26289
1285,-73.621635
1286,-92.650734
1287,-92.261185
1288,-79.31604
1289,67.091194
1290,-5.187269
1291,-92.35603
1292,83.353546
1293,-67.15126
1294,75.5067
1295,75.447136
1296,72.25377
1297,59.850594
1298,60.71137
1299,58.398663
1300,65.74238
1301,85.8401
1302,-131.04272
1303,-71.68871
1304,-119.07251
1305,-119.9294
1306,65.24226
1307,53.29521
1308,-97.65498
1309,-89.0699
1310,-89.82583
1311,58.011314
1312,-68.16649
1313,-111.0288
1314,-82.054474
1315,-87.60695
1316,63.78924
1317,68.86215
1318,79.87173
1319,-124.95748
1320,62.858162
1321,70.67354
1322,-99.78776
1323,64.675
1324,-94.972565
1325,-121.43409
1326,-56.11123
1327,89.19543
1328,86.4177
1329,68.57054
1330,-67.26976
1331,67.91738
1332,-37.232094
1333,83.024216
1334,-77.27411
1335,54.93377
1336,-11.807194
1337,59.68135
1338,66.78683
1339,-119.87027
1340,57.801952
1341,-129.2848
1342,64.21467
1343,-69.87859
1344,70.17174
1345,-76.742935
1346,-100.35661
1347,69.43633
1348,73.10228
1349,76.75044
1350,86.10142
1351,79.44165
1352,-60.264694
1353,70.78827
1354,74.5419
1355,90.994644
1356,59.2072
1357,53.605804
1358,63.82127
1359,74.17821
1360,73.60297
1361,67.88784
1362,67.62358
1363,61.513184
1364,66.10308
1365,76.58663
1366,64.73603
1367,61.86822
1368,69.01263
1369,56.685505
1370,-75.03171
1371,-120.22245
1372,-115.83932
1373,-123.683655
1374,74.75232
1375,65.716835
1376,-96.8945
1377,-125.08853
1378,-125.637024
1379,-133.07146
1380,73.73161
1381,-61.76126
1382,69.63344
1383,-45.669373
1384,-91.88073
1385,-78.151115
1386,-52.528934
1387,96.5567
1388,-103.51009
1389,74.69304
1390,93.10065
1391,80.062614
1392,62.5649
1393,77.648285
1394,88.03948
1395,75.51343
1396,-59.644775
1397,85.52825
1398,68.45997
1399,59.418125
1400,66.61604
1401,79.71984
1402,89.36249
1403,-37.688957
1404,82.63107
1405,77.33372
1406,67.73732
1407,78.36785
1408,-72.240395
1409,-62.58902
1410,78.77036
1411,88.772514
1412,-88.14637
1413,-33.67401
1414,-85.83391
1415,-80.323715
1416,62.589554
1417,62.06168
1418,-25.16262
1419,-80.00044
1420,-54.83286
1421,-86.110085
1422,80.447075
1423,95.73497
1424,-93.39615
1425,83.36601
1426,-90.42945
1427,66.85089
1428,66.99554
1429,56.86165
1430,74.467445
1431,51.01554
1432,58.522507
1433,62.114944
1434,70.09025
1435,66.95634
1436,60.551373
1437,82.2688
1438,80.91108
1439,59.632107
1440,-114.0699
1441,-103.84323
1442,-43.672256
1443,-85.93419
1444,-37.448437
1445,-66.56973
1446,-88.25249
1447,-84.96602
1448,-30.320175
1449,-63.39842
1450,83.388535
1451,-100.25746
1452,-108.30659
1453,91.484375
1454,-91.390816
1455,64.25997
1456,69.08526
1457,80.8534
1458,72.77265
1459,-104.14747
1460,-105.71966
1461,-104.49017
1462,92.723724
1463,93.30902
1464,92.04613
1465,77.15367
1466,73.48023
1467,89.621025
1468,-39.479725
1469,-104.9629
1470,-89.92139
1471,-106.08667
1472,-103.5381
1473,-7.0743713
1474,-42.277275
1475,88.395515
1476,77.09635
1477,77.82271
1478,86.78295
1479,86.193306
1480,84.41418
1481,75.365425
1482,80.94805
1483,87.42174
1484,93.83839
1485,108.06213
1486,85.36819
1487,89.359985
1488,95.41656
1489,89.291
1490,95.11385
1491,92.58763
1492,95.98934
1493,-16.475403
1494,-44.56185
1495,-104.47082
1496,-97.47394
1497,6.491287
1498,102.07275
1499,75.27886
1500,-103.61752
1501,-102.92674
1502,-70.2401
1503,-102.77712
1504,-2.3222885
1505,96.8623
1506,-2.3110783
1507,26.179466
1508,83.84801
1509,104.22425
1510,102.043274
1511,-9.962837
1512,-103.792465
1513,99.43613
1514,109.96657
1515,99.22623
1516,98.046265
1517,91.60818
1518,86.316025
1519,90.65831
1520,89.54679
1521,101.27181
1522,-25.042397
1523,-76.46648
1524,100.52381
1525,95.56886
1526,96.7674
1527,100.06558
1528,94.86767
1529,-88.72858
1530,-98.72329
1531,-96.97768
1532,80.19184
1533,85.79032
1534,96.51
1535,88.67461
1536,-84.66965
1537,-61.09806
1538,-96.24387
1539,-99.42163
1540,-49.523792
1541,-19.996513
1542,-65.20792
1543,-75.653404
1544,-96.261795
1545,-33.25161
1546,-61.622017
1547,107.48583
1548,-106.83453
1549,-53.553867
1550,104.72967
1551,102.07136
1552,102.10772
1553,-55.532955
1554,-38.043472
1555,103.907814
1556,75.87094
1557,84.18955
1558,-107.8979
1559,-32.993515
1560,-15.583115
1561,-78.70456
1562,-60.610584
1563,-70.39436
1564,-62.961178
1565,-103.586426
1566,-76.369156
1567,-105.55836
1568,-103.12848
1569,-104.2694
1570,-61.012802
1571,-108.73773
1572,-72.89377
1573,-75.78638
1574,-77.8947
1575,-110.59044
1576,-78.64166
1577,-112.8952
1578,-113.66858
1579,-84.67609
1580,-64.01822
1581,-88.63412
1582,-44.649696
1583,-124.294586
1584,-59.178963
1585,-29.539764
1586,-125.26982
1587,-15.757225
1588,91.45461
1589,85.467926
1590,78.10143
1591,-68.232735
1592,96.11493
1593,-49.322514
1594,94.60668
1595,-107.38198
1596,89.42137
1597,78.8745
1598,-99.64023
1599,-100.87209
1600,89.99292
1601,92.266556
1602,86.86815
1603,96.04246
1604,101.233
1605,-53.590332
1606,-73.505486
1607,-94.49365
1608,-48.971428
1609,-84.040985
1610,-69.65242
1611,84.943565
1612,-54.713398
1613,-77.27248
1614,-101.03385
1615,107.04145
1616,102.86772
1617,92.30999
1618,97.765114
1619,-82.1641
1620,-68.016624
1621,-58.236546
1622,88.378555
1623,-21.379974
1624,72.685104
1625,103.7642
1626,107.8046
1627,-8.99001
1628,78.87157
1629,76.572815
1630,105.42958
1631,-31.300262
1632,111.004196
1633,96.541626
1634,78.11228
1635,-82.60161
1636,100.044334
1637,81.5482
1638,91.36018
1639,-27.666267
1640,83.22261
1641,100.03379
1642,108.28193
1643,-43.893368
1644,102.598076
1645,93.496254
1646,78.05957
1647,65.25321
1648,69.9251
1649,92.768585
1650,84.98247
1651,104.23077
1652,106.45153
1653,90.871796
1654,82.5732
1655,91.54913
1656,-84.90424
1657,-98.20516
1658,-95.10986
1659,92.577705
1660,-43.352623
1661,103.998795
1662,-94.4678
1663,76.6292
1664,74.12939
1665,80.14263
1666,-43.11301
1667,-87.9124
1668,78.76276
1669,82.97762
1670,86.28622
1671,95.610756
1672,94.40139
1673,99.781494
1674,103.47714
1675,-5.4673004
1676,-79.477066
1677,-23.205414
1678,95.83657
1679,65.72549
1680,80.77393
1681,97.20728
1682,100.52411
1683,-104.10248
1684,86.85022
1685,98.035545
1686,-23.318138
1687,90.56882
1688,99.290855
1689,99.87784
1690,99.066185
1691,-100.52092
1692,80.25236
1693,-86.39942
1694,101.17546
1695,100.15776
1696,104.47643
1697,108.608894
1698,85.67954
1699,75.28
1700,-96.25743
1701,-59.55221
1702,88.557816
1703,87.37676
1704,-82.956985
1705,93.570816
1706,90.700584
1707,97.322105
1708,103.6274
1709,89.54822
1710,59.037216
1711,70.842224
1712,-89.503944
1713,91.30676
1714,98.58786
1715,103.100845
1716,114.16748
1717,99.57673
1718,96.26447
1719,82.069756
1720,88.19223
1721,-83.93779
1722,113.18505
1723,103.65011
1724,91.23355
1725,90.17056
1726,-81.782776
1727,104.93017
1728,107.717285
1729,101.0005
1730,-77.825935
1731,-99.94496
1732,-95.705086
1733,107.2463
1734,90.62154
1735,85.19764
1736,-96.068726
1737,98.83488
1738,103.757996
1739,101.331696
1740,91.979645
1741,83.72968
1742,86.15358
1743,81.75406
1744,96.29868
1745,109.57655
1746,-8.085205
1747,104.902214
1748,-27.11763
1749,91.16371
1750,78.01292
1751,76.37253
1752,94.71141
1753,102.47385
1754,101.78505
1755,93.09161
1756,87.05462
1757,91.25241
1758,79.83879
1759,85.52393
1760,89.34367
1761,87.01499
1762,-65.25519
1763,91.09588
1764,97.87036
1765,98.04434
1766,95.3967
1767,94.93725
1768,108.78489
1769,91.91705
1770,95.47281
1771,97.50015
1772,98.60936
1773,93.80855
1774,94.10819
1775,101.144875
1776,-15.64296
1777,-35.29963
1778,118.17519
1779,-47.149864
1780,101.91585
1781,-60.958305
1782,71.41918
1783,77.28566
1784,94.17811
1785,85.143394
1786,85.05643
1787,67.23707
1788,-54.459206
1789,68.03605
1790,63.094994
1791,57.986492
1792,-67.48478
1793,81.05681
1794,91.79508
1795,87.692116
1796,97.98453
1797,95.70552
1798,93.191154
1799,102.94116
1800,-47.38818
1801,100.49272
1802,-80.98788
1803,-42.56976
1804,-95.59062
1805,75.910164
1806,-95.54328
1807,80.160164
1808,-82.44771
1809,-42.003952
1810,-98.01247
1811,-66.33486
1812,-36.217384
1813,-73.20773
1814,103.89236
1815,-58.733704
1816,94.077034
1817,-38.020752
1818,-93.91842
1819,98.903625
1820,101.00433
1821,107.254456
1822,119.17684
1823,108.820335
1824,89.7702
1825,97.47241
1826,107.656784
1827,-90.07005
1828,-23.703697
1829,-81.51382
1830,-11.029411
1831,-73.671196
1832,-70.53574
1833,-92.3379
1834,-57.213554
1835,111.08735
1836,-79.89807
1837,108.94046
1838,-10.200417
1839,115.60665
1840,111.61613
1841,-92.08973
1842,-78.528915
1843,-53.66386
1844,-71.304825
1845,-39.837765
1846,108.08844
1847,113.3864
1848,-50.167553
1849,-43.304127
1850,106.17536
1851,-19.885902
1852,101.21534
1853,-24.700974
1854,-58.578365
1855,-36.188404
1856,-43.735546
1857,114.242775
1858,105.504814
1859,-65.59505
1860,-60.79696
1861,106.26482
1862,-81.32998
1863,117.04677
1864,107.220055
1865,106.70589
1866,109.367355
1867,109.875244
1868,-67.85686
1869,-6.81118
1870,-71.567055
1871,-80.59168
1872,-66.95584
1873,-94.47284
1874,120.8904
1875,127.478775
1876,117.533745
1877,-12.67334
1878,105.68309
1879,-35.87088
1880,-59.431175
1881,-38.49671
1882,-45.127594
1883,104.52654
1884,-20.097221
1885,111.50398
1886,-22.86007
1887,-109.96838
1888,-115.08763
1889,86.15813
1890,-19.60196
1891,19.062515
1892,127.60572
1893,130.84346
1894,98.29584
1895,105.60524
1896,-61.758003
1897,-17.204483
1898,107.41814
1899,115.65815
1900,110.77289
1901,100.76924
1902,-95.31858
1903,-53.514473
1904,-42.038784
1905,104.67937
1906,-67.33619
1907,101.61659
1908,115.02736
1909,113.9414
1910,-34.268288
1911,-17.351074
1912,-29.848831
1913,-11.1686325
1914,23.233942
1915,99.21692
1916,109.10828
1917,113.514114
1918,-82.7482
1919,101.30577
1920,94.36156
1921,107.36614
1922,124.91865
1923,112.186485
1924,99.15121
1925,-19.659431
1926,-75.51404
1927,-35.79329
1928,-85.70743
1929,-49.401978
1930,-50.60248
1931,-15.936607
1932,-86.31749
1933,100.95934
1934,-92.52264
1935,93.83042
1936,90.344734
1937,103.23718
1938,-44.268745
1939,-79.98936
1940,99.4744
1941,75.65076
1942,99.51117
1943,-60.997112
1944,-63.294888
1945,-62.054234
1946,-70.37064
1947,111.23503
1948,-55.549286
1949,56.283497
1950,-47.994473
1951,104.56402
1952,112.390724
1953,-41.00496
1954,96.38689
1955,83.73147
1956,-29.588959
1957,-89.79298
1958,-37.5377
1959,116.46829
1960,80.05173
1961,93.25994
1962,-48.66041
1963,-37.771324
1964,93.19894
1965,-46.340614
1966,-22.582924
1967,119.78814
1968,-9.007126
1969,103.06551
1970,110.0428
1971,-40.74816
1972,120.22286
1973,-6.823761
1974,-31.214996
1975,101.27141
1976,-24.47728
1977,-21.510498
1978,-66.76845
1979,-100.31308
1980,-64.56023
1981,-104.35847
1982,-1.2767563
1983,102.63187
1984,93.189064
1985,-47.693287
1986,-16.262184
1987,124.486145
1988,117.15981
1989,119.84821
1990,122.36052
1991,121.06962
1992,111.80016
1993,-122.87034
1994,-124.67327
1995,-105.61728
1996,120.13703
1997,121.14915
1998,-127.540115
1999,-118.66052
2000,87.3126
2001,102.28028
2002,104.39707
2003,-34.870514
2004,116.117805
2005,105.81389
2006,118.84444
2007,128.56723
2008,116.138145
2009,119.397705
2010,116.379654
2011,117.34281
2012,121.51979
2013,-51.239304
2014,-61.70924
2015,118.20642
2016,127.68497
2017,117.149315
2018,-48.081047
2019,-48.522667
2020,116.92436
2021,0.39683533
2022,117.845215
2023,111.62476
2024,107.48981
2025,98.06954
2026,109.5003
2027,104.3716
2028,0.70326996
2029,-16.91124
2030,97.56222
2031,106.67761
2032,102.80782
2033,114.7564
2034,-18.31379
2035,129.07426
2036,122.25371
2037,122.54245
2038,100.14988
2039,106.71706
2040,-34.820023
2041,107.1799
2042,122.3161
2043,120.91348
2044,123.48971
2045,112.3995
2046,123.36741
2047,-83.116234
2048,-26.436974
2049,102.64348
2050,129.26698
2051,-26.223846
2052,-56.561504
2053,-73.27811
2054,-77.48296
2055,-71.89032
2056,-21.422241
2057,114.336105
2058,79.63005
2059,73.35689
2060,-96.95345
2061,-66.279655
2062,117.80558
2063,124.165115
2064,115.66114
2065,104.98554
2066,114.744736
2067,99.37701
2068,110.67474
2069,119.11531
2070,107.62557
2071,-20.750313
2072,-31.582367
2073,106.73442
2074,120.805046
2075,-68.49338
2076,-44.126163
2077,-47.312614
2078,-27.39151
2079,111.780174
2080,-33.422073
2081,-11.562363
2082,134.0841
2083,124.071014
2084,115.54335
2085,112.141136
2086,116.43911
2087,-69.5818
2088,-34.443687
2089,-79.5766
2090,-62.99906
2091,120.69142
2092,109.92291
2093,-43.8941
2094,121.16407
2095,120.18406
2096,125.77367
2097,-52.8567
2098,-63.606617
2099,-2.0073013
2100,107.95605
2101,116.325005
2102,-60.28947
2103,-64.699585
2104,-39.435368
2105,111.96813
2106,-44.17438
2107,-5.692978
2108,-54.049007
2109,-53.36812
2110,124.63151
2111,-102.47596
2112,-96.205376
2113,-97.98154
2114,-91.20402
2115,-36.253517
2116,117.59265
2117,-15.212585
2118,-39.499763
2119,-34.817917
2120,117.291084
2121,124.57246
2122,16.928848
2123,119.29723
2124,105.716125
2125,114.156555
2126,124.6913
2127,-28.477455
2128,-2.5747223
2129,-45.19867
2130,-59.474735
2131,123.4581
2132,122.16567
2133,1.3912125
2134,-79.20625
2135,119.31968
2136,109.89708
2137,113.755615
2138,113.77619
2139,115.867485
2140,-45.668934
2141,122.94886
2142,126.37868
2143,115.85123
2144,117.45198
2145,-33.78463
2146,120.45494
2147,-61.640965
2148,114.663185
2149,9.405182
2150,-112.05458
2151,119.91444
2152,115.77119
2153,-61.589603
2154,112.04699
2155,13.869789
2156,-48.43573
2157,113.739044
2158,122.109764
2159,125.94973
2160,12.009949
2161,122.82717
2162,116.91807
2163,-21.927284
2164,-5.8793364
2165,98.12925
2166,125.44173
2167,118.137596
2168,124.9603
2169,-31.997238
2170,27.604836
2171,-40.283367
2172,-35.456253
2173,6.18943
2174,-60.63565
2175,-44.881176
2176,-40.769283
2177,-72.16833
2178,134.91457
2179,129.30902
2180,114.96241
2181,-53.991947
2182,119.997116
2183,116.59456
2184,126.25859
2185,-23.327087
2186,-62.84625
2187,118.729416
2188,117.6693
2189,-104.5936
2190,-98.06402
2191,115.62235
2192,129.66609
2193,115.0841
2194,124.10615
2195,109.14183
2196,132.32797
2197,112.77377
2198,117.12731
2199,109.145645
2200,-76.59396
2201,83.76172
2202,83.04234
2203,121.86847
2204,129.28358
2205,124.370804
2206,-53.777885
2207,-94.30289
2208,-24.977081
2209,130.81845
2210,117.57818
2211,117.51017
2212,112.78938
2213,134.05916
2214,124.80009
2215,119.09946
2216,116.80323
2217,118.60594
2218,1.8538132
2219,-12.145439
2220,-15.350624
2221,119.509155
2222,-39.01979
2223,106.35432
2224,103.748955
2225,125.10075
2226,-47.84542
2227,-15.616867
2228,106.944756
2229,110.5814
2230,136.66527
2231,-54.888905
2232,118.66675
2233,113.90926
2234,118.53343
2235,107.94869
2236,127.83661
2237,3.7480774
2238,-96.49927
2239,111.317665
2240,-97.45775
2241,107.11189
2242,-96.75169
2243,-98.17369
2244,-86.07747
2245,126.85609
2246,124.8562
2247,134.86418
2248,-32.0935
2249,-87.382866
2250,-53.091064
2251,-49.476833
2252,-41.85338
2253,-18.032501
2254,-0.53409576
2255,-91.526924
2256,-88.480125
2257,-96.59271
2258,125.713715
2259,121.57723
2260,-0.20281982
2261,120.33627
2262,-94.452965
2263,112.85938
2264,134.97293
2265,-83.561844
2266,-37.56382
2267,-62.983997
2268,-7.439148
2269,1.5928497
2270,-51.198166
2271,43.1479
2272,48.990494
2273,71.08984
2274,97.03897
2275,107.24927
2276,116.02682
2277,-19.076225
2278,111.64669
2279,-94.767944
2280,-66.139725
2281,121.52752
2282,127.31721
2283,-62.63205
2284,114.80365
2285,5.693451
2286,106.27195
2287,-18.065117
2288,108.07368
2289,-42.649765
2290,-80.76035
2291,-8.655075
2292,-26.580719
2293,110.12837
2294,112.9261
2295,-64.62726
2296,-69.320755
2297,102.73251
2298,103.02739
2299,-19.773773
2300,9.4474945
2301,123.08822
2302,-2.21492
2303,117.30769
2304,124.40066
2305,-46.57744
2306,113.798836
2307,108.99336
2308,-5.6753464
2309,-61.55255
2310,-43.42151
2311,122.05435
2312,-41.74593
2313,119.83803
2314,129.8332
2315,-7.005867
2316,-25.768646
2317,-28.225159
2318,-48.900726
2319,123.85064
2320,118.3863
2321,1.9755554
2322,128.33691
2323,128.51866
2324,117.63744
2325,101.31742
2326,108.24396
2327,-37.302338
2328,104.50264
2329,121.94958
2330,117.55815
2331,104.913765
2332,120.55623
2333,125.07272
2334,122.59086
2335,130.0612
2336,119.83583
2337,113.82774
2338,-23.28717
2339,110.083824
2340,120.58813
2341,129.85098
2342,110.61886
2343,111.466644
2344,106.86281
2345,94.12778
2346,130.86905
2347,127.65203
2348,119.645164
2349,122.24002
2350,-18.630394
2351,118.31898
2352,-74.34108
2353,-50.017258
2354,-46.91627
2355,7.466568
2356,-65.45034
2357,-37.79705
2358,134.17096
2359,137.37825
2360,-44.125946
2361,-72.87411
2362,-90.92529
2363,-88.97008
2364,9.9084015
2365,117.70349
2366,-87.98837
2367,113.213005
2368,116.43492
2369,123.87168
2370,24.750824
2371,-88.05492
2372,124.58443
2373,131.6743
2374,131.40738
2375,127.71217
2376,127.18877
2377,135.02496
2378,-22.096024
2379,22.087059
2380,-15.163376
2381,11.335373
2382,130.41893
2383,-93.01896
2384,-66.952835
2385,-74.60052
2386,-42.746635
2387,118.24029
2388,-1.3368301
2389,-28.035332
2390,-39.14907
2391,119.3747
2392,125.01804
2393,-6.2094193
2394,121.13683
2395,-6.712143
2396,-86.74779
2397,19.277359
2398,124.03884
2399,-61.65906
2400,117.7209
2401,127.51851
2402,-15.387032
2403,131.09744
2404,137.7605
2405,127.85354
2406,139.36751
2407,12.666626
2408,125.883675
2409,127.15235
2410,119.12534
2411,109.22501
2412,-51.41012
2413,-11.2732315
2414,-73.5355
2415,-88.81465
2416,-102.98238
2417,-121.35944
2418,80.78089
2419,126.51753
2420,134.28337
2421,-35.640556
2422,-68.55026
2423,133.02533
2424,135.47362
2425,127.42353
2426,-86.20712
2427,-89.84952
2428,-98.93525
2429,-93.931114
2430,113.986206
2431,-41.37921
2432,99.16827
2433,-89.24852
2434,124.48169
2435,124.97208
2436,-45.250587
2437,-28.238014
2438,-17.868599
2439,8.611282
2440,131.57327
2441,-2.7096558
2442,-89.96764
2443,122.99813
2444,15.151352
2445,-46.501144
2446,-20.315102
2447,139.88933
2448,131.31813
2449,124.96235
2450,139.12712
2451,137.9818
2452,121.162796
2453,-88.62965
2454,25.530014
2455,127.29302
2456,127.99023
2457,-65.84712
2458,-34.732353
2459,124.89089
2460,125.76476
2461,-16.836647
2462,-84.89115
2463,137.8094
2464,30.969162
2465,-103.46774
2466,130.06184
2467,-76.6928
2468,-63.007145
2469,133.14282
2470,128.72351
2471,128.93074
2472,-44.928265
2473,-85.183235
2474,121.95556
2475,-25.684853
2476,-88.07345
2477,136.19937
2478,120.47702
2479,-96.145996
2480,-99.69064
2481,10.239929
2482,-95.50639
2483,121.43549
2484,118.64517
2485,7.593773
2486,18.070213
2487,119.41127
2488,-1.087471
2489,129.29547
2490,127.93029
2491,-29.312614
2492,-46.056423
2493,129.67307
2494,124.52417
2495,128.21017
2496,-21.646362
2497,115.537895
2498,-76.42305
2499,-51.432613
2500,11.179535
2501,114.77905
2502,142.76353
2503,-110.333496
2504,123.59177
2505,9.805122
2506,112.629974
2507,69.28998
2508,119.0063
2509,121.89819
2510,-56.16158
2511,-92.125565
2512,-67.86867
2513,-55.925167
2514,-38.46446
2515,120.73664
2516,-22.067833
2517,124.01137
2518,-6.4381104
2519,-49.31857
2520,124.533775
2521,132.85419
2522,-28.467407
2523,-53.765938
2524,-60.963444
2525,10.454681
2526,-17.922165
2527,-42.603683
2528,-46.148323
2529,119.539185
2530,109.38231
2531,-75.46359
2532,-82.493904
2533,-104.29818
2534,-64.4738
2535,123.150795
2536,105.3086
2537,-57.05438
2538,134.21068
2539,128.9517
2540,-30.48468
2541,119.50852
2542,130.15268
2543,119.94177
2544,107.69125
2545,98.72636
2546,100.22271
2547,94.05392
2548,128.71043
2549,134.98717
2550,115.69374
2551,-75.197105
2552,-90.83134
2553,-101.38541
2554,-72.50493
2555,124.75622
2556,116.15075
2557,133.48077
2558,125.38656
2559,125.16006
2560,-96.616
2561,-27.788979
2562,126.36205
2563,128.19333
2564,135.53072
2565,-84.65361
2566,-10.635414
2567,115.83667
2568,-55.244522
2569,7.9784393
2570,135.2425
2571,135.11676
2572,120.45798
2573,118.09322
2574,131.55127
2575,139.01903
2576,141.32594
2577,-32.872078
2578,-81.04823
2579,135.84517
2580,130.02338
2581,135.92044
2582,-56.013317
2583,-64.590164
2584,144.09035
2585,-40.970695
2586,-96.79444
2587,-6.5386124
2588,-99.13988
2589,-53.215763
2590,-82.834496
2591,-88.47684
2592,139.01468
2593,-49.24785
2594,129.65741
2595,130.75879
2596,136.9342
2597,128.07039
2598,124.93344
2599,130.26352
2600,-31.57228
2601,139.31247
2602,137.6127
2603,142.18645
2604,9.781151
2605,137.66756
2606,134.59229
2607,137.5154
2608,148.34425
2609,13.344017
2610,124.12083
2611,123.149635
2612,118.68702
2613,132.65495
2614,35.28459
2615,136.65309
2616,-53.557087
2617,-29.854744
2618,-9.777168
2619,137.02345
2620,-104.567825
2621,-97.74078
2622,-36.622498
2623,135.25682
2624,136.35994
2625,132.81378
2626,126.89283
2627,130.27171
2628,133.83337
2629,144.06178
2630,135.63675
2631,123.955086
2632,144.84387
2633,124.8456
2634,131.62129
2635,134.4977
2636,133.4601
2637,127.70034
2638,139.36552
2639,-83.35935
2640,132.90607
2641,139.87222
2642,-6.0366592
2643,143.68907
2644,-78.283035
2645,119.407814
2646,119.859314
2647,118.03204
2648,116.68693
2649,141.71292
2650,136.41312
2651,125.37902
2652,146.13934
2653,141.56187
2654,137.66576
2655,137.36458
2656,124.6876
2657,126.7688
2658,141.20515
2659,17.604027
2660,129.52931
2661,122.89746
2662,136.44617
2663,-10.634399
2664,-20.171432
2665,126.75778
2666,-25.70176
2667,138.60808
2668,132.46524
2669,136.8151
2670,144.5289
2671,18.542946
2672,-57.26817
2673,129.37248
2674,120.81976
2675,122.14306
2676,-26.101418
2677,123.15742
2678,148.76265
2679,135.99596
2680,113.45548
2681,116.34981
2682,-6.222603
2683,14.067299
2684,17.633926
2685,-29.885178
2686,135.89877
2687,-53.270187
2688,137.72356
2689,-43.453655
2690,3.4800415
2691,10.024406
2692,-68.97955
2693,140.91069
2694,131.4187
2695,133.62704
2696,135.9168
2697,-3.290779
2698,132.4047
2699,144.97737
2700,134.70306
2701,118.31368
2702,128.59953
2703,-50.121773
2704,-59.250145
2705,106.27498
2706,125.22531
2707,129.60489
2708,129.72731
2709,125.10659
2710,123.69537
2711,-27.378296
2712,-60.846905
2713,-86.843895
2714,-18.794785
2715,6.6235046
2716,139.2651
2717,-36.687252
2718,143.01053
2719,13.321976
2720,-50.93129
2721,14.915535
2722,124.65357
2723,128.64137
2724,-42.26726
2725,-19.497253
2726,136.8018
2727,138.84796
2728,136.97241
2729,-16.287857
2730,-3.7262878
2731,-17.501556
2732,11.851631
2733,131.8335
2734,-11.273757
2735,28.934357
2736,133.01724
2737,132.55815
2738,138.73065
2739,138.81752
2740,1.193573
2741,124.37272
2742,126.43212
2743,-0.3384018
2744,-90.061264
2745,-35.75315
2746,138.62572
2747,126.247574
2748,130.35452
2749,137.7454
2750,17.21286
2751,141.49431
2752,18.921776
2753,-10.316872
2754,119.145645
2755,137.05298
2756,-29.886574
2757,130.51955
2758,140.43938
2759,132.49326
2760,118.27318
2761,6.9530716
2762,-85.99463
2763,143.35779
2764,-85.20493
2765,131.84036
2766,146.38217
2767,136.87607
2768,138.57455
2769,131.65102
2770,131.15036
2771,137.87695
2772,129.7849
2773,-61.490532
2774,-10.0060425
2775,157.73358
2776,7.364563
2777,-32.675583
2778,142.27353
2779,131.6637
2780,-26.709892
2781,137.22679
2782,124.89949
2783,122.368416
2784,139.22224
2785,139.26129
2786,-18.444862
2787,131.61249
2788,-43.796356
2789,3.5228958
2790,145.14845
2791,-29.876495
2792,134.33406
2793,-33.748703
2794,137.40456
2795,128.30861
2796,128.29192
2797,-21.672203
2798,31.09964
2799,139.64456
2800,138.09077
2801,145.34358
2802,149.58307
2803,-48.317062
2804,143.9456
2805,24.609764
2806,132.67719
2807,135.45282
2808,-33.176254
2809,-41.17083
2810,-61.6183
2811,-59.66153
2812,-86.830315
2813,-91.36255
2814,133.10944
2815,-20.76963
2816,-79.27387
2817,12.509415
2818,123.60137
2819,114.12352
2820,135.4974
2821,-60.18996
2822,12.66642
2823,26.151474
2824,-40.297104
2825,-83.20882
2826,-48.33456
2827,-1.7551041
2828,-53.433712
2829,-89.55119
2830,-29.655098
2831,-88.642654
2832,-87.7201
2833,21.241692
2834,134.21654
2835,-47.932144
2836,-57.4835
2837,135.25745
2838,-53.695126
2839,-86.1512
2840,-35.882545
2841,-67.44673
2842,-20.870796
2843,146.58888
2844,140.02068
2845,8.566383
2846,34.741547
2847,-10.596268
2848,-40.14726
2849,122.86829
2850,2.6036148
2851,-90.911194
2852,5.538597
2853,-88.41892
2854,134.86304
2855,-2.1651459
2856,135.97484
2857,-26.889137
2858,-2.2863617
2859,3.6317215
2860,-58.63901
2861,-57.122772
2862,-63.58343
2863,136.71161
2864,-49.03458
2865,22.239113
2866,123.00802
2867,0.7184372
2868,-21.914162
2869,-30.654716
2870,-21.858711
2871,-79.67493
2872,-46.17921
2873,-44.35331
2874,132.65477
2875,-56.05936
2876,142.28697
2877,-42.14151
2878,133.73589
2879,127.69133
2880,-31.974815
2881,-11.450668
2882,-23.633575
2883,-13.317795
2884,-39.483093
2885,26.78553
2886,142.17917
2887,128.90063
2888,136.61954
2889,124.17186
2890,-40.094097
2891,-51.784416
2892,-30.340637
2893,-36.268665
2894,140.69356
2895,134.7367
2896,131.89531
2897,142.72775
2898,-23.04625
2899,140.6812
2900,-1.5018692
2901,137.91537
2902,-68.43082
2903,-13.047226
2904,140.54741
2905,137.36461
2906,133.02795
2907,139.05739
2908,134.39508
2909,136.42612
2910,-42.530853
2911,-70.3992
2912,15.22879
2913,125.26308
2914,131.72742
2915,-35.959373
2916,3.7105484
2917,136.88918
2918,128.96362
2919,135.47375
2920,134.56995
2921,130.45201
2922,132.6972
2923,11.896332
2924,126.6245
2925,128.0499
2926,135.20836
2927,136.14282
2928,109.87407
2929,123.99789
2930,131.5028
2931,-78.12007
2932,136.13054
2933,113.41361
2934,113.59225
2935,108.6377
2936,-51.108315
2937,-92.05125
2938,-53.8786
2939,-98.91296
2940,-91.46228
2941,-50.051304
2942,-25.787743
2943,136.44968
2944,1.6706772
2945,132.36682
2946,121.050316
2947,124.06381
2948,19.177696
2949,-40.55246
2950,139.3914
2951,-18.348228
2952,124.737625
2953,-97.56762
2954,-64.612274
2955,-1.7030487
2956,-90.08565
2957,-94.416466
2958,2.661255
2959,-47.59494
2960,146.50427
2961,-41.13018
2962,22.715065
2963,3.3344498
2964,28.10263
2965,138.10509
2966,-14.153732
2967,-85.69037
2968,12.903
2969,127.12529
2970,109.43004
2971,122.83447
2972,125.3989
2973,-45.756718
2974,-58.699806
2975,-29.995232
2976,139.09628
2977,108.6358
2978,121.05951
2979,126.523346
2980,129.36942
2981,136.32013
2982,-29.99569
2983,138.15968
2984,-46.421852
2985,121.42986
2986,99.438515
2987,-51.242977
2988,-97.363716
2989,135.57863
2990,142.26674
2991,-52.716354
2992,-25.37658
2993,-90.46917
2994,-85.53874
2995,-53.109352
2996,-46.26333
2997,1.3175507
2998,-84.869896
2999,-12.239441
