,"Algo generation: 1, gene: (250, 2)"
0,-106.42183
1,-110.72063
2,-105.625946
3,-102.42297
4,-19.572714
5,-25.330418
6,-17.588926
7,-18.125198
8,-17.434294
9,-99.57836
10,-20.330395
11,-18.495525
12,-22.900072
13,-18.77846
14,-111.3605
15,-102.23341
16,-32.56319
17,-20.851585
18,-14.656302
19,-9.329853
20,-17.211754
21,-18.656197
22,-24.061733
23,-96.99059
24,-24.956047
25,-19.635323
26,-107.76586
27,-13.147782
28,-10.277032
29,-11.541807
30,-16.684185
31,-7.5762253
32,-13.121075
33,-13.979582
34,-16.459044
35,-102.28309
36,-101.89222
37,-28.546759
38,-10.468895
39,-103.80971
40,-15.378416
41,-94.64484
42,-16.605812
43,-101.1051
44,-99.72698
45,-100.91713
46,-98.248886
47,-103.61914
48,-100.67669
49,-99.97748
50,-112.77234
51,-103.471344
52,-99.88764
53,-98.70919
54,-10.923727
55,-129.57564
56,-6.3120317
57,-16.78015
58,-13.426625
59,-11.657644
60,-117.21992
61,-9.624775
62,-100.52788
63,-99.75119
64,-101.28506
65,-104.21665
66,-94.874374
67,-14.548791
68,-96.132706
69,3.4195337
70,-96.36515
71,-99.569786
72,-102.71231
73,-101.97482
74,-12.669116
75,-10.590775
76,-10.666163
77,-124.90429
78,-100.13188
79,-102.56013
80,-102.53374
81,-18.344404
82,-101.36912
83,-100.003624
84,-100.63627
85,-29.048285
86,-100.23744
87,-12.724232
88,-99.51401
89,-21.615406
90,-29.565212
91,-25.679026
92,-18.141434
93,-13.819708
94,-98.7557
95,-98.43618
96,-111.030594
97,-102.54479
98,-102.10397
99,-15.014655
100,-14.256132
101,-101.10511
102,-21.016289
103,-10.885421
104,-98.63924
105,-97.598625
106,-101.288574
107,-112.24686
108,-20.115648
109,-13.066449
110,-102.22691
111,-94.83919
112,-94.49314
113,-117.01028
114,-10.686677
115,-12.41307
116,-6.8618436
117,-98.6162
118,-91.52092
119,-98.25632
120,-98.90263
121,-100.826
122,-120.53151
123,-18.099382
124,-97.64488
125,-24.5546
126,-98.78322
127,-106.12001
128,-98.51227
129,-7.8749657
130,-11.014267
131,-10.765368
132,-18.53768
133,-20.181843
134,-12.124113
135,-109.50257
136,-8.241923
137,-10.639759
138,-8.702621
139,-9.898569
140,-119.91885
141,-104.23663
142,-101.6517
143,-124.36511
144,-99.91209
145,-101.20029
146,-11.19781
147,-97.44541
148,-12.031032
149,-17.82034
150,-21.042887
151,-102.727684
152,-10.03913
153,-98.15293
154,-99.29889
155,-127.96316
156,-105.704384
157,-121.098015
158,-20.914856
159,-97.15948
160,-100.35128
161,-117.289536
162,-100.84983
163,-18.474527
164,-116.94083
165,-98.75237
166,-24.609861
167,-114.76603
168,-107.27351
169,-91.88034
170,-129.18875
171,-97.72529
172,-96.50225
173,-7.9567327
174,-123.38568
175,-101.804924
176,-117.729225
177,-8.516453
178,-9.688577
179,-15.797311
180,-108.24609
181,-22.521698
182,-104.33007
183,-22.666235
184,-15.9259205
185,-97.138054
186,-21.667648
187,-97.87666
188,-99.33948
189,-18.95811
190,-100.966866
191,-16.08462
192,-102.617004
193,-96.31935
194,-96.812996
195,-99.8782
196,-100.636955
197,-25.472824
198,-15.766042
199,-97.67364
200,-129.01062
201,-17.937574
202,-104.47171
203,-99.66448
204,-99.711555
205,-101.703415
206,-123.9716
207,-127.78669
208,-12.969406
209,-13.49303
210,-13.353204
211,-12.540869
212,-97.56772
213,-99.27881
214,-102.95532
215,-120.44589
216,-14.992235
217,-18.7888
218,-15.068857
219,-16.509758
220,-97.33
221,-10.648634
222,-99.6427
223,-98.3702
224,-99.09161
225,-103.80121
226,-102.035965
227,-103.4402
228,-125.93829
229,-6.909079
230,-123.78345
231,-102.60704
232,-113.32546
233,-115.97926
234,-99.500374
235,-101.95019
236,-32.86418
237,-21.218674
238,-22.642044
239,-100.50504
240,-120.478546
241,-120.10734
242,-13.000455
243,-100.993645
244,-103.99147
245,-105.609695
246,-100.432045
247,-96.59435
248,-30.055792
249,-29.989672
250,-13.092352
251,-12.585848
252,-98.50585
253,-98.26533
254,-7.218435
255,-102.737274
256,-12.398113
257,-20.807571
258,-20.905502
259,-18.57603
260,-4.5231056
261,-12.450861
262,-114.73406
263,-100.25557
264,-11.630172
265,-19.041758
266,-101.84836
267,-13.654889
268,-97.32037
269,-11.708262
270,-10.172638
271,-4.540353
272,-102.55478
273,-99.423454
274,-101.44801
275,-104.722786
276,-102.59149
277,-95.74638
278,-101.22278
279,-103.14951
280,-106.48925
281,-103.25944
282,-10.225968
283,-106.993675
284,-109.26626
285,-96.046555
286,-9.914763
287,-12.883597
288,-103.433205
289,-104.70421
290,-12.276734
291,-100.14564
292,-101.23647
293,-105.002625
294,-99.002365
295,-102.58396
296,-5.279234
297,-7.018685
298,-10.736945
299,-24.248592
300,-106.720116
301,-102.75866
302,-107.29913
303,-21.283148
304,-15.77948
305,-18.866543
306,-12.796688
307,-107.70457
308,-104.83954
309,-104.22814
310,-99.41902
311,-108.90953
312,-110.44364
313,-97.219604
314,-3.346377
315,-9.79654
316,-99.53422
317,-98.72504
318,-14.011166
319,-98.58658
320,-109.400604
321,-99.77952
322,-109.91453
323,-103.23428
324,-105.95576
325,-103.13648
326,-102.93372
327,2.3594034
328,2.231672
329,-105.05381
330,-99.75021
331,-8.333767
332,-14.4946
333,-12.980261
334,-13.823068
335,-16.84841
336,-102.21249
337,-12.894245
338,-104.34421
339,-114.353065
340,-111.42838
341,-21.244963
342,-100.897835
343,-96.49296
344,-101.69227
345,-103.43729
346,-113.96872
347,-16.369083
348,-16.83046
349,-12.086742
350,-90.62186
351,-108.00963
352,-10.804265
353,-99.490685
354,-104.79313
355,-98.87167
356,-126.1121
357,-98.858826
358,-103.355675
359,-101.864334
360,-104.54189
361,-102.03156
362,-100.58436
363,-6.584693
364,-103.28106
365,-105.15157
366,-103.10113
367,-23.229818
368,-102.79969
369,-101.08838
370,-103.25281
371,-102.35099
372,-102.32753
373,-94.80653
374,-97.50892
375,-103.46223
376,-98.06427
377,-104.479546
378,-95.90426
379,-8.348998
380,-13.661732
381,-15.9320755
382,-17.343792
383,-9.514969
384,-101.62508
385,-100.94287
386,-101.84042
387,-101.420784
388,-11.453622
389,-3.3268745
390,-111.9343
391,-2.9864361
392,-19.516346
393,-20.28891
394,-97.07378
395,-101.227455
396,-101.98869
397,-98.41042
398,-13.637201
399,-13.82009
400,-109.85701
401,-101.30208
402,-104.577065
403,-97.58582
404,-10.339588
405,-96.78767
406,-6.1589823
407,-2.662992
408,-95.24486
409,-102.65399
410,-93.9944
411,-105.6184
412,-104.87754
413,-105.116974
414,-113.436104
415,-101.43062
416,-104.19183
417,-99.735176
418,-106.086395
419,-113.41551
420,-105.92669
421,-99.79549
422,-103.57301
423,-101.47986
424,-12.447369
425,-105.17148
426,-99.356224
427,-101.892
428,-102.17976
429,-95.32558
430,-104.06933
431,-100.08053
432,-103.05643
433,-99.69442
434,-103.20695
435,-105.32979
436,-102.57667
437,3.5535984
438,-12.863419
439,-6.9088874
440,-12.125429
441,-102.37845
442,-102.75527
443,-102.45631
444,-105.40134
445,-100.505226
446,-108.451996
447,-101.619415
448,-100.05892
449,-123.02214
450,-95.838005
451,-99.038155
452,-100.33988
453,-101.7816
454,-4.4077196
455,-2.9381518
456,-100.9802
457,-101.31511
458,-104.93832
459,-100.16924
460,-103.925
461,-100.0929
462,-14.822586
463,-16.111141
464,-102.6557
465,-91.67699
466,-98.36897
467,-106.151306
468,-108.34149
469,-104.71046
470,-16.200909
471,-101.395096
472,-100.22484
473,-100.73723
474,-100.7198
475,-96.99338
476,-100.40686
477,-98.64979
478,-103.00163
479,-98.67117
480,-1.3575844
481,-92.26611
482,-13.786384
483,-12.995817
484,-114.346054
485,-97.89518
486,-103.03863
487,-93.88482
488,-108.81821
489,-22.398638
490,-12.030783
491,-96.941734
492,-99.728065
493,3.4215093
494,-0.42266273
495,-8.008276
496,-3.4751656
497,-1.2483426
498,-20.084095
499,-5.226162
500,-92.73433
501,-97.20267
502,-3.7297437
503,-13.535261
504,-23.65099
505,-20.93291
506,-11.664838
507,-13.910648
508,-95.430695
509,-107.09001
510,1.1808327
511,10.349887
512,-119.92099
513,-78.10379
514,-91.04052
515,42.41553
516,-101.841896
517,-103.952354
518,-96.878845
519,-106.482216
520,-10.287702
521,-99.86432
522,-113.64748
523,-114.71476
524,-103.313065
525,-102.51834
526,-98.81066
527,-2.77612
528,-15.040445
529,-95.42128
530,-103.977135
531,-103.14376
532,-92.91516
533,-97.069695
534,-97.56667
535,-92.59251
536,-101.10913
537,-90.71599
538,-101.57586
539,-87.79234
540,17.829473
541,8.442495
542,-73.364174
543,-86.96956
544,-98.10311
545,-99.17499
546,-105.717514
547,-107.6177
548,-94.27259
549,-96.40221
550,-101.37632
551,-106.72896
552,-111.60446
553,-119.65209
554,-97.18343
555,-104.99107
556,-99.72274
557,-104.073326
558,-7.5573316
559,-22.196238
560,-97.88327
561,-95.548775
562,-7.528934
563,-12.803645
564,-91.072334
565,-89.50456
566,-110.843315
567,-92.13899
568,-92.93904
569,2.635532
570,-95.92717
571,-82.803314
572,-92.43345
573,-111.98424
574,-115.84781
575,-95.04286
576,-126.84544
577,-97.671326
578,-103.10963
579,-9.460615
580,-93.39811
581,-93.573746
582,-94.16913
583,-94.55074
584,-91.24994
585,0.07760486
586,-86.99756
587,-11.793112
588,-11.748165
589,-89.238106
590,-99.61632
591,-85.25246
592,-92.37363
593,-102.14811
594,-97.298
595,-105.644104
596,-96.69433
597,-96.24662
598,-100.912285
599,-99.83395
600,-92.75146
601,-102.68853
602,-100.68035
603,-97.19703
604,-111.59116
605,-6.0000105
606,-95.57341
607,-97.68165
608,-93.45318
609,-11.2954645
610,-4.6595635
611,-11.270958
612,-11.766209
613,-10.004524
614,-90.004074
615,-86.5335
616,-81.13527
617,-82.091095
618,-89.58674
619,5.5882926
620,-13.630937
621,-89.92872
622,-97.84051
623,-82.550285
624,-94.54641
625,-127.43524
626,-97.14142
627,-108.5905
628,-107.0585
629,-110.57602
630,-103.70471
631,-102.944916
632,-108.322174
633,-112.16239
634,-97.84539
635,-92.447205
636,13.327216
637,-96.41442
638,-99.20052
639,-96.069595
640,-99.7436
641,-94.690994
642,-93.92224
643,-92.01936
644,12.993198
645,-96.48917
646,-92.683624
647,-94.53212
648,-88.55134
649,-75.46369
650,-98.301956
651,-100.644356
652,-82.92386
653,-84.90673
654,-86.73566
655,-83.988754
656,-75.24518
657,-80.472
658,-97.43231
659,-112.2959
660,-90.90782
661,22.053623
662,-13.784559
663,-105.355034
664,-98.38911
665,-105.85339
666,-112.496155
667,-126.20111
668,-96.68565
669,-93.776375
670,-100.617
671,-100.08312
672,-82.33753
673,-16.162098
674,-98.927025
675,23.842129
676,-98.70345
677,-98.47615
678,-99.10166
679,-107.20263
680,-109.67029
681,-103.02576
682,-129.7386
683,-111.28247
684,-83.677635
685,-98.78911
686,-95.10835
687,-90.02829
688,-85.106766
689,-97.141205
690,-81.94997
691,-59.66295
692,-62.658455
693,-104.66628
694,-98.55748
695,-105.02259
696,-105.596535
697,-106.939644
698,-105.21177
699,-65.96483
700,42.353115
701,-73.98638
702,-80.37707
703,-100.297005
704,-109.060005
705,-99.50505
706,-104.73216
707,-56.353622
708,-76.6383
709,-101.784454
710,-100.51787
711,54.91979
712,-61.94883
713,-63.940975
714,-69.55564
715,-64.78601
716,-99.69303
717,28.789104
718,52.049595
719,54.963223
720,57.6205
721,69.65484
722,-50.060246
723,-87.73721
724,46.00553
725,-59.92624
726,-83.75365
727,24.314962
728,-102.54329
729,-72.891884
730,-98.19241
731,-71.46618
732,-96.19063
733,-125.3895
734,-108.09738
735,43.93895
736,38.09811
737,41.281437
738,-57.987427
739,-58.101162
740,-76.861916
741,-91.4585
742,-84.28712
743,-69.00032
744,55.006638
745,-68.27499
746,54.93936
747,-100.021454
748,46.290638
749,51.186527
750,40.790447
751,-108.526535
752,-110.41991
753,61.045506
754,-90.68451
755,46.099823
756,-88.938095
757,20.005875
758,0.22738896
759,-73.27147
760,-83.159706
761,-95.15681
762,-67.50534
763,30.285069
764,-97.61621
765,-91.973526
766,-81.59656
767,-75.400215
768,18.780518
769,19.354765
770,-82.81256
771,-92.97804
772,33.227654
773,16.169773
774,-78.62941
775,37.833748
776,6.3892
777,18.337866
778,-94.966286
779,37.024624
780,-83.280235
781,-89.347
782,-84.91844
783,-72.105316
784,29.833061
785,31.968292
786,20.290066
787,-84.92119
788,-4.2637863
789,-7.9710917
790,42.050007
791,42.386787
792,43.063442
793,9.225498
794,12.66048
795,-80.39496
796,-127.342316
797,-124.81702
798,-74.47983
799,-123.620544
800,48.53881
801,50.06744
802,45.507908
803,52.288303
804,-77.87747
805,-117.99526
806,53.766106
807,-67.75574
808,61.201614
809,50.599415
810,57.35413
811,-60.418964
812,-46.961903
813,-61.27433
814,-87.82287
815,-123.145386
816,-116.57241
817,-115.72333
818,26.542007
819,-114.45564
820,-125.2962
821,-115.22842
822,30.693329
823,-83.81439
824,-95.09877
825,-82.89135
826,-91.167145
827,-72.19861
828,-77.42027
829,-95.138405
830,-77.395134
831,61.981335
832,65.1844
833,60.015682
834,71.2594
835,-54.25869
836,-49.295498
837,-63.105515
838,62.53615
839,27.51732
840,43.072834
841,54.996258
842,-93.967026
843,-81.969574
844,-92.46405
845,1.9088091
846,46.074524
847,65.76324
848,66.010544
849,65.02906
850,54.847065
851,31.23703
852,28.104187
853,23.927849
854,27.633606
855,32.738373
856,42.610943
857,-61.650047
858,56.35688
859,55.794823
860,-91.70522
861,61.431652
862,-76.1876
863,60.75715
864,59.952503
865,56.634148
866,55.672512
867,41.06947
868,-83.999405
869,-93.59511
870,-93.01965
871,-60.566254
872,60.07266
873,-61.706715
874,78.2546
875,44.55401
876,-70.183975
877,63.809383
878,60.355762
879,-74.906044
880,38.67564
881,-106.224075
882,-90.53398
883,-68.51393
884,-96.21687
885,11.433073
886,-93.31995
887,-100.13104
888,50.66602
889,51.799488
890,39.110497
891,-94.42831
892,27.713629
893,55.28374
894,-133.90192
895,66.14131
896,65.4804
897,-136.01692
898,26.230644
899,12.263831
900,7.181471
901,51.297726
902,42.61716
903,44.112686
904,49.588478
905,35.646725
906,-92.20265
907,-77.96738
908,35.994465
909,32.650528
910,50.35797
911,45.016758
912,53.01756
913,63.418674
914,49.67409
915,25.912613
916,32.237843
917,54.16811
918,52.914883
919,8.358107
920,30.59086
921,57.98697
922,55.19022
923,-130.66476
924,23.15586
925,60.51812
926,58.233173
927,65.48967
928,79.07332
929,-43.76657
930,31.600376
931,-1.9027579
932,13.742942
933,51.84986
934,52.120674
935,52.184853
936,62.824257
937,61.196648
938,67.632904
939,57.192635
940,60.062355
941,60.485886
942,43.81548
943,45.504578
944,51.316288
945,63.05833
946,50.082428
947,69.07567
948,85.323685
949,65.46289
950,48.346867
951,54.91264
952,72.677765
953,76.6054
954,58.552586
955,47.31124
956,44.79058
957,50.961647
958,56.990276
959,34.948566
960,44.753174
961,60.337765
962,65.23752
963,60.20074
964,55.58684
965,50.86131
966,60.47518
967,64.69036
968,53.84678
969,52.134575
970,44.32196
971,62.020687
972,47.41467
973,51.663654
974,59.801773
975,56.51083
976,49.065037
977,46.584663
978,52.129322
979,71.98404
980,76.32569
981,63.104565
982,58.677334
983,73.63176
984,68.875015
985,52.470207
986,53.87363
987,-110.838875
988,71.424835
989,79.15672
990,64.00685
991,36.76412
992,67.891335
993,-55.660572
994,71.61625
995,62.863983
996,65.03406
997,54.08529
998,48.5831
999,65.14687
1000,57.37997
1001,66.921616
1002,63.67004
1003,55.161503
1004,58.86571
1005,77.953674
1006,-70.269516
1007,66.35236
1008,60.876087
1009,65.339645
1010,68.58004
1011,69.59131
1012,76.71106
1013,79.79142
1014,69.30442
1015,-67.23538
1016,67.98703
1017,73.27843
1018,-121.66606
1019,75.61441
1020,-59.3989
1021,75.3466
1022,63.208126
1023,84.69685
1024,79.53218
1025,69.48073
1026,69.758736
1027,50.825157
1028,69.92667
1029,63.461357
1030,74.670296
1031,85.10441
1032,68.47478
1033,-75.54643
1034,-76.53096
1035,-71.30469
1036,-72.51788
1037,-69.08672
1038,-80.02965
1039,-29.988525
1040,69.59756
1041,70.72902
1042,65.52449
1043,77.25733
1044,84.52183
1045,69.22485
1046,68.02161
1047,60.11146
1048,49.600773
1049,58.64531
1050,51.675606
1051,66.46978
1052,77.734566
1053,64.58819
1054,75.43375
1055,68.99289
1056,87.10455
1057,75.46601
1058,82.48194
1059,60.439697
1060,80.93622
1061,-51.402966
1062,-26.762146
1063,-62.79489
1064,82.73761
1065,-112.50272
1066,-118.052505
1067,66.60773
1068,43.51316
1069,44.70825
1070,-8.183113
1071,41.037632
1072,37.831554
1073,42.939636
1074,40.28175
1075,-52.173195
1076,-61.235085
1077,-63.073673
1078,-120.032364
1079,29.95549
1080,28.183266
1081,47.999306
1082,55.16812
1083,-5.9555297
1084,-18.259129
1085,31.846361
1086,57.42225
1087,-117.86653
1088,57.64421
1089,-104.96122
1090,56.37316
1091,-104.35623
1092,-107.115814
1093,-107.47618
1094,61.605373
1095,44.90577
1096,49.62868
1097,-120.75328
1098,61.680637
1099,50.9963
1100,57.802696
1101,62.71411
1102,50.41968
1103,69.35209
1104,67.40634
1105,59.753372
1106,46.98575
1107,70.40197
1108,74.71181
1109,68.35478
1110,74.74413
1111,64.9296
1112,40.982944
1113,-99.362434
1114,68.5095
1115,70.98495
1116,64.14834
1117,69.73271
1118,83.88015
1119,70.72556
1120,66.10512
1121,-62.797035
1122,72.02698
1123,-88.202774
1124,83.46699
1125,-75.28187
1126,91.81135
1127,67.23217
1128,76.424644
1129,69.41788
1130,-70.401344
1131,-98.63563
1132,-99.12059
1133,-96.94536
1134,89.66116
1135,-97.64112
1136,-100.9448
1137,88.44157
1138,66.91193
1139,69.52284
1140,-78.87007
1141,-114.100784
1142,-109.625565
1143,57.851433
1144,103.97119
1145,83.67176
1146,80.91259
1147,68.149124
1148,14.755269
1149,-69.59773
1150,-125.271904
1151,-96.403366
1152,12.65252
1153,92.64221
1154,77.60082
1155,65.78539
1156,-49.651337
1157,71.64096
1158,63.87577
1159,62.184807
1160,59.665024
1161,61.92574
1162,79.01314
1163,72.05235
1164,76.987915
1165,60.324165
1166,66.68894
1167,78.87338
1168,77.74595
1169,-129.09343
1170,-114.46266
1171,-96.79321
1172,-7.3413258
1173,-4.7001934
1174,-15.822223
1175,-123.84662
1176,-66.93906
1177,83.31594
1178,-101.91324
1179,-38.2439
1180,-142.92738
1181,56.65573
1182,73.560905
1183,58.084137
1184,70.17859
1185,-82.50603
1186,35.461006
1187,60.76591
1188,-80.77117
1189,-115.262115
1190,-75.15278
1191,65.77504
1192,63.49396
1193,71.18216
1194,70.89989
1195,52.451664
1196,51.60231
1197,70.80533
1198,81.42414
1199,77.2968
1200,-121.87273
1201,-105.77019
1202,65.449135
1203,33.894352
1204,-120.75311
1205,-131.47754
1206,-120.46124
1207,-132.8992
1208,-14.110156
1209,-129.83772
1210,-112.96756
1211,-126.04036
1212,-110.5048
1213,-64.60878
1214,63.112812
1215,74.70803
1216,52.79229
1217,-113.536766
1218,27.287369
1219,-53.84035
1220,64.34209
1221,55.413597
1222,48.66001
1223,-7.284709
1224,66.44774
1225,65.79167
1226,65.85165
1227,73.79362
1228,40.560383
1229,62.787548
1230,-89.28081
1231,62.64087
1232,62.147015
1233,-125.374016
1234,-122.64863
1235,-124.68215
1236,-125.46387
1237,84.73454
1238,67.85505
1239,75.37761
1240,64.92646
1241,7.9849205
1242,-28.208715
1243,-23.837713
1244,3.8069592
1245,91.477425
1246,95.676956
1247,79.90009
1248,61.861458
1249,85.302055
1250,73.34813
1251,69.038475
1252,84.12432
1253,103.30667
1254,87.36784
1255,91.37577
1256,-75.81793
1257,83.38118
1258,87.298485
1259,84.78059
1260,93.95469
1261,74.738846
1262,44.856125
1263,72.61866
1264,56.300137
1265,16.705584
1266,50.81541
1267,60.89945
1268,83.48685
1269,86.16603
1270,75.68789
1271,80.922745
1272,88.55627
1273,90.64471
1274,91.13815
1275,90.234604
1276,95.496574
1277,97.63565
1278,79.22896
1279,94.872635
1280,-47.611073
1281,100.22848
1282,81.73898
1283,84.12556
1284,88.186325
1285,85.31399
1286,79.017044
1287,71.22366
1288,76.94381
1289,77.490105
1290,74.63689
1291,85.4627
1292,74.516
1293,79.706276
1294,74.62257
1295,51.287113
1296,-80.17224
1297,97.94842
1298,77.69893
1299,87.64139
1300,70.31932
1301,68.73785
1302,74.8863
1303,77.27299
1304,82.07105
1305,-27.143616
1306,82.3154
1307,71.12903
1308,79.85933
1309,-59.345592
1310,55.689598
1311,13.828272
1312,15.324943
1313,21.94127
1314,48.76497
1315,37.137585
1316,27.181828
1317,35.80275
1318,-69.04627
1319,-26.378304
1320,-70.703705
1321,101.7962
1322,82.63461
1323,96.28245
1324,91.16998
1325,73.38896
1326,83.36085
1327,81.570045
1328,-26.433586
1329,101.88762
1330,85.57651
1331,84.69888
1332,-59.950485
1333,92.73524
1334,95.749626
1335,98.63572
1336,93.4357
1337,94.94019
1338,90.92651
1339,70.39797
1340,96.68745
1341,105.118576
1342,111.71904
1343,101.460075
1344,-46.863857
1345,-73.0881
1346,-49.807674
1347,104.02133
1348,96.04345
1349,101.53847
1350,107.97186
1351,-25.275055
1352,-51.170395
1353,-50.21527
1354,-71.184944
1355,73.65545
1356,63.630592
1357,37.46789
1358,43.691635
1359,-35.18239
1360,76.15579
1361,89.24014
1362,94.51514
1363,67.572815
1364,59.86395
1365,-122.63277
1366,-135.63351
1367,-130.97136
1368,-119.13569
1369,-117.60698
1370,-117.14957
1371,63.55488
1372,24.612974
1373,12.239334
1374,-53.460175
1375,-89.43952
1376,-92.72372
1377,-97.51327
1378,-25.665161
1379,-97.57296
1380,-59.02685
1381,-82.89627
1382,-41.68421
1383,75.459206
1384,-83.92432
1385,83.70973
1386,-65.895355
1387,-100.17057
1388,-55.051067
1389,78.396576
1390,77.26142
1391,-41.853016
1392,-22.3545
1393,-68.132324
1394,-100.277176
1395,93.30484
1396,79.31079
1397,106.643974
1398,-34.31697
1399,-60.167458
1400,-77.23916
1401,86.67535
1402,87.078674
1403,93.22283
1404,89.21871
1405,76.44022
1406,88.35749
1407,88.36853
1408,62.692413
1409,-32.230865
1410,-15.69696
1411,-4.995926
1412,-68.24324
1413,-56.232365
1414,-68.83915
1415,77.53704
1416,64.00846
1417,83.05484
1418,95.00912
1419,72.26676
1420,74.28756
1421,74.17114
1422,-116.56423
1423,-101.485435
1424,57.902676
1425,39.963375
1426,20.64184
1427,-99.75058
1428,-97.69437
1429,101.249725
1430,-56.98441
1431,61.521732
1432,-16.128227
1433,90.81365
1434,-48.9774
1435,-25.897194
1436,56.634987
1437,78.33412
1438,85.63923
1439,87.797325
1440,87.86164
1441,90.599495
1442,93.74777
1443,75.044464
1444,83.453575
1445,89.98175
1446,86.00174
1447,84.081924
1448,100.49383
1449,-63.056286
1450,-43.86772
1451,-91.44932
1452,91.901566
1453,-37.20318
1454,77.47062
1455,67.589935
1456,60.955387
1457,75.65322
1458,-54.085075
1459,-87.983154
1460,-72.95736
1461,67.6924
1462,-68.792015
1463,86.867455
1464,87.75093
1465,59.304962
1466,80.69443
1467,-62.62939
1468,-43.188755
1469,91.14015
1470,75.88965
1471,92.12476
1472,-13.202606
1473,109.92225
1474,0.0410614
1475,92.69754
1476,16.270485
1477,118.98833
1478,-64.21062
1479,113.70305
1480,99.31614
1481,90.18801
1482,100.95499
1483,81.89018
1484,94.52876
1485,-56.993507
1486,-36.860386
1487,-65.90878
1488,104.213036
1489,-4.0722046
1490,-55.129368
1491,99.38229
1492,99.58061
1493,-112.12271
1494,76.1029
1495,-18.743355
1496,4.6648254
1497,-15.073074
1498,-7.0355988
1499,-58.72124
1500,86.692245
1501,-12.840187
1502,-49.638813
1503,-68.83938
1504,80.41277
1505,92.93805
1506,-6.449852
1507,-11.329079
1508,-17.488289
1509,86.43306
1510,-79.02083
1511,-57.445114
1512,-70.030914
1513,88.480644
1514,-62.934235
1515,-28.492409
1516,-64.692535
1517,-38.925804
1518,-73.8857
1519,86.72601
1520,76.76778
1521,-43.20149
1522,111.05533
1523,-59.95487
1524,-58.98322
1525,-55.476612
1526,-56.099514
1527,-43.38883
1528,-37.01379
1529,-66.5759
1530,-51.968853
1531,-66.14526
1532,-75.44272
1533,-61.79799
1534,-66.347885
1535,-65.4146
1536,-52.429836
1537,-79.8676
1538,-85.61656
1539,-70.41481
1540,-35.959946
1541,-65.89548
1542,-73.38582
1543,-55.31637
1544,-75.54368
1545,-67.06935
1546,-61.864914
1547,-84.80278
1548,-79.329025
1549,-67.63932
1550,-73.826416
1551,-61.836678
1552,-83.39531
1553,10.27656
1554,22.305391
1555,46.820015
1556,-12.240974
1557,-60.83074
1558,-60.818428
1559,-56.40191
1560,-77.670135
1561,-84.05503
1562,-55.732063
1563,-82.2696
1564,-2.4773254
1565,99.07115
1566,-40.76605
1567,1.2882843
1568,-13.25666
1569,5.304123
1570,120.42302
1571,-30.165787
1572,-30.60559
1573,-46.549545
1574,-81.27924
1575,-70.38036
1576,-88.20871
1577,-90.46061
1578,-55.098965
1579,-93.92002
1580,7.0676804
1581,101.856
1582,-35.694496
1583,87.84603
1584,-75.58855
1585,115.42116
1586,113.13373
1587,129.53969
1588,-7.4855576
1589,-79.83262
1590,-92.18991
1591,87.60357
1592,-88.96946
1593,-70.295685
1594,74.60144
1595,78.97952
1596,85.46944
1597,-37.153675
1598,85.75058
1599,-75.227
1600,-65.30904
1601,-3.4045181
1602,-20.358559
1603,102.104675
1604,88.97622
1605,95.35858
1606,-31.327827
1607,-44.878693
1608,-91.857
1609,88.035995
1610,-77.182396
1611,111.557014
1612,-76.17149
1613,-89.26478
1614,6.780136
1615,121.34722
1616,-6.376335
1617,-80.07131
1618,-85.903305
1619,-93.03005
1620,-80.60806
1621,-49.306423
1622,-71.55234
1623,105.51019
1624,102.98074
1625,-72.259094
1626,-84.696365
1627,-25.83892
1628,-68.19127
1629,-96.999664
1630,-69.147446
1631,-34.112366
1632,-43.674477
1633,-60.827866
1634,-54.232494
1635,-38.864273
1636,72.95097
1637,87.95181
1638,95.48257
1639,-41.49342
1640,-77.26271
1641,-55.625587
1642,-32.566917
1643,98.916145
1644,115.89206
1645,104.93145
1646,112.530266
1647,103.64562
1648,101.76595
1649,-41.984
1650,-41.124554
1651,-128.98232
1652,-124.25429
1653,-128.56107
1654,108.31783
1655,-122.29291
1656,100.24761
1657,-107.551704
1658,-91.79424
1659,-77.261505
1660,102.674065
1661,-44.69229
1662,-53.025253
1663,-93.03975
1664,-87.16503
1665,-69.974304
1666,-72.36053
1667,-66.38811
1668,104.96958
1669,-85.12267
1670,-50.65262
1671,118.165565
1672,108.94349
1673,-16.332169
1674,73.463234
1675,93.77862
1676,-97.04779
1677,94.366585
1678,-83.71514
1679,-81.60809
1680,2.0692139
1681,-89.34692
1682,-7.5121155
1683,-65.82045
1684,-86.655205
1685,-90.34467
1686,-31.422852
1687,-82.3918
1688,107.014534
1689,104.59246
1690,-57.981777
1691,93.49795
1692,-75.76187
1693,105.70217
1694,-84.76621
1695,101.98562
1696,125.166214
1697,-98.35256
1698,-88.37908
1699,-39.159786
1700,-90.10513
1701,-84.85831
1702,107.28147
1703,99.274086
1704,-58.07779
1705,125.17719
1706,113.33604
1707,-99.21723
1708,-11.515518
1709,-97.89537
1710,-22.591986
1711,87.64396
1712,73.90051
1713,78.19081
1714,-78.098526
1715,98.608315
1716,85.31139
1717,-25.18309
1718,95.69018
1719,91.21893
1720,74.972565
1721,112.255394
1722,-13.410865
1723,-121.96128
1724,53.85747
1725,-18.058075
1726,66.39902
1727,100.2364
1728,116.17459
1729,114.00002
1730,-18.099197
1731,123.26874
1732,100.22331
1733,123.47391
1734,98.28435
1735,-19.564745
1736,1.8765557
1737,-89.40083
1738,-5.7149353
1739,-20.044426
1740,-88.09666
1741,-83.55197
1742,-92.113174
1743,123.879715
1744,103.60673
1745,102.33253
1746,80.722115
1747,117.96417
1748,-2.3960495
1749,121.33194
1750,-38.20728
1751,101.61239
1752,-23.6016
1753,0.40133667
1754,-30.045609
1755,123.40789
1756,101.00052
1757,108.11879
1758,113.70148
1759,21.984299
1760,10.234787
1761,107.66383
1762,83.44866
1763,-62.980904
1764,-28.375801
1765,-44.382225
1766,-101.13684
1767,-56.523865
1768,-43.402645
1769,108.57638
1770,-60.51302
1771,115.05524
1772,103.33227
1773,115.76842
1774,-19.319992
1775,-14.403603
1776,-27.063988
1777,-60.05536
1778,-39.9147
1779,117.8264
1780,-19.054802
1781,-51.39321
1782,-40.995728
1783,-97.095856
1784,-65.959274
1785,-15.183472
1786,104.78608
1787,97.52271
1788,-61.6737
1789,-83.70724
1790,132.61954
1791,133.51164
1792,129.62914
1793,133.23515
1794,105.8037
1795,89.63526
1796,119.50024
1797,0.19857025
1798,-1.8459167
1799,117.60389
1800,9.136932
1801,-21.645088
1802,-73.480415
1803,-43.720524
1804,-53.214867
1805,119.7167
1806,-34.743958
1807,-64.702
1808,-60.946556
1809,-92.269684
1810,-20.285355
1811,-77.980896
1812,126.068436
1813,-63.585793
1814,-31.265488
1815,-62.92857
1816,-77.209656
1817,109.263535
1818,-74.81868
1819,-18.893066
1820,-60.3478
1821,-56.06186
1822,115.33374
1823,-5.115738
1824,-96.12895
1825,-10.527209
1826,-28.966057
1827,-22.16494
1828,-48.63199
1829,-74.62125
1830,1.4392853
1831,-12.83033
1832,126.27116
1833,124.70274
1834,125.299835
1835,-75.02875
1836,-86.83317
1837,-56.669933
1838,-81.30511
1839,-65.70564
1840,-6.0779037
1841,-58.490944
1842,-46.358307
1843,-98.606346
1844,-98.51698
1845,-95.18201
1846,-69.86871
1847,-97.310165
1848,-48.39117
1849,-101.91835
1850,-105.16108
1851,-95.984
1852,110.320915
1853,-15.633049
1854,102.777885
1855,-10.66301
1856,10.658936
1857,105.6871
1858,-81.591415
1859,-91.898056
1860,136.75046
1861,-86.96007
1862,-62.098755
1863,-97.13228
1864,107.2534
1865,112.44438
1866,86.994606
1867,58.726414
1868,92.17107
1869,-24.986229
1870,111.926025
1871,-6.5755997
1872,-91.61303
1873,-8.835257
1874,-78.66315
1875,-90.19255
1876,-52.591793
1877,-34.798447
1878,8.536476
1879,123.90962
1880,21.007439
1881,130.11053
1882,-32.20292
1883,-94.96786
1884,-48.149273
1885,-83.004684
1886,87.708954
1887,93.24171
1888,100.54757
1889,105.13967
1890,107.13804
1891,-67.54958
1892,-35.287193
1893,-86.0435
1894,96.80357
1895,118.707016
1896,98.346344
1897,101.58236
1898,106.878075
1899,-98.77059
1900,6.905533
1901,98.60732
1902,97.96524
1903,111.32511
1904,123.85467
1905,6.350586
1906,120.224846
1907,105.29632
1908,114.50086
1909,117.928055
1910,114.49
1911,-59.873386
1912,115.49166
1913,-10.184509
1914,8.433823
1915,-45.543125
1916,106.936905
1917,-37.190544
1918,-48.152634
1919,8.291962
1920,-13.924149
1921,-41.759457
1922,104.76424
1923,91.64542
1924,99.41591
1925,94.97722
1926,-31.455414
1927,-47.96067
1928,103.63527
1929,85.461266
1930,92.306305
1931,-32.119003
1932,-57.479286
1933,-28.938675
1934,138.85367
1935,-10.079117
1936,112.68163
1937,130.96109
1938,-8.495087
1939,-45.850773
1940,11.352165
1941,130.99913
1942,118.828835
1943,114.02844
1944,108.93606
1945,-131.79605
1946,113.53144
1947,99.36993
1948,96.032906
1949,-5.670771
1950,-27.750053
1951,-18.705818
1952,100.50365
1953,-12.710991
1954,116.58898
1955,-23.175247
1956,-14.4670105
1957,-9.747421
1958,-10.688309
1959,-28.208382
1960,113.587
1961,20.816414
1962,-36.19837
1963,108.560165
1964,106.665375
1965,126.81368
1966,141.07802
1967,-1.9788437
1968,131.16806
1969,121.222145
1970,101.886116
1971,-27.135155
1972,131.80215
1973,-48.02446
1974,10.523178
1975,-17.609245
1976,-38.113445
1977,118.85085
1978,-101.61443
1979,-74.65913
1980,131.98016
1981,-61.240788
1982,-80.33369
1983,-81.39856
1984,-13.432381
1985,-93.68591
1986,19.60315
1987,-38.16187
1988,-57.98797
1989,-26.446915
1990,-27.763756
1991,-25.40107
1992,-44.194267
1993,-37.385998
1994,108.91983
1995,84.603325
1996,93.192474
1997,-85.8331
1998,-91.23583
1999,-91.85463
2000,-87.71698
2001,139.22765
2002,131.43202
2003,-35.380096
2004,117.67469
2005,102.49586
2006,132.2689
2007,-31.060295
2008,136.40047
2009,10.785194
2010,-10.962547
2011,-86.52275
2012,-37.49542
2013,-17.056572
2014,124.54009
2015,-47.816113
2016,121.01164
2017,-92.646675
2018,-37.662487
2019,-74.838554
2020,-37.845512
2021,-48.87912
2022,-53.83642
2023,-52.938354
2024,-73.85669
2025,-87.78996
2026,-79.5992
2027,-1.5434265
2028,-64.201225
2029,105.03941
2030,114.25492
2031,122.398994
2032,2.569687
2033,-56.09545
2034,137.67224
2035,109.703575
2036,127.358734
2037,-36.99717
2038,-42.316387
2039,-41.040646
2040,-43.790535
2041,-43.491737
2042,130.91386
2043,-41.831654
2044,-76.27696
2045,-33.131653
2046,-62.716377
2047,123.13552
2048,122.97712
2049,-10.914352
2050,-37.419567
2051,117.692505
2052,-55.90081
2053,-75.85191
2054,-16.852478
2055,17.533043
2056,135.32217
2057,-88.547935
2058,118.89969
2059,111.211464
2060,128.7308
2061,17.337357
2062,-43.17928
2063,-58.7768
2064,-42.657066
2065,-22.81034
2066,141.22795
2067,-27.218224
2068,-12.369408
2069,115.493164
2070,118.41647
2071,-32.213264
2072,-6.337509
2073,-55.233757
2074,-12.446022
2075,-2.5473175
2076,142.24432
2077,-78.17223
2078,-59.038464
2079,18.876747
2080,135.9147
2081,-65.16794
2082,139.09396
2083,132.25172
2084,134.7814
2085,-70.46673
2086,20.28698
2087,-50.721516
2088,2.9654465
2089,123.68894
2090,-46.067066
2091,137.19772
2092,124.07555
2093,114.34831
2094,-3.567276
2095,-44.108574
2096,122.51845
2097,-49.83746
2098,-81.48932
2099,-37.938076
2100,-84.06131
2101,-55.545494
2102,-28.213211
2103,-5.7268906
2104,129.83408
2105,143.07062
2106,-35.935333
2107,-57.92409
2108,24.509254
2109,127.32514
2110,116.71913
2111,-0.52482605
2112,136.76546
2113,117.50248
2114,-53.533867
2115,-47.861385
2116,126.325424
2117,122.680725
2118,-30.650162
2119,113.825676
2120,102.52565
2121,109.89814
2122,116.78764
2123,-13.129997
2124,122.8688
2125,127.89093
2126,109.30944
2127,98.79674
2128,-94.37678
2129,-5.654022
2130,-82.152214
2131,130.04236
2132,132.41354
2133,129.65903
2134,-3.489914
2135,134.44633
2136,116.632324
2137,-71.63963
2138,-41.194775
2139,119.67438
2140,122.62832
2141,118.854675
2142,130.1792
2143,128.19052
2144,127.18021
2145,9.737099
2146,142.8891
2147,126.86466
2148,136.35608
2149,131.69833
2150,-76.24651
2151,-43.274315
2152,-80.49859
2153,9.859375
2154,119.65336
2155,-65.979935
2156,126.75458
2157,7.4580917
2158,-74.97313
2159,-87.12745
2160,-49.80732
2161,116.43796
2162,115.33068
2163,119.11281
2164,24.801208
2165,130.1295
2166,-94.288086
2167,21.051086
2168,-6.517784
2169,-2.2884445
2170,26.584877
2171,-47.14051
2172,112.00328
2173,119.59686
2174,121.911446
2175,117.59796
2176,131.95006
2177,137.86624
2178,-1.9400482
2179,6.6909866
2180,-85.424065
2181,127.74749
2182,-89.29749
2183,-86.1809
2184,136.12595
2185,125.524704
2186,-84.7673
2187,110.10387
2188,102.327
2189,109.942635
2190,127.35704
2191,131.08223
2192,125.6302
2193,-53.04935
2194,19.737686
2195,131.63326
2196,135.89949
2197,128.46928
2198,125.2894
2199,133.28204
2200,136.46484
2201,111.08178
2202,127.2483
2203,121.54195
2204,134.10617
2205,114.71988
2206,114.36768
2207,118.55255
2208,119.420204
2209,130.02838
2210,116.9972
2211,116.12234
2212,123.699814
2213,128.2747
2214,119.22883
2215,120.27132
2216,126.020386
2217,117.31233
2218,128.22289
2219,-70.020065
2220,76.214714
2221,-64.17775
2222,-44.31222
2223,-12.641022
2224,128.27487
2225,105.90903
2226,61.671055
2227,-80.38487
2228,96.86084
2229,98.43456
2230,110.888016
2231,116.09544
2232,117.93194
2233,105.333374
2234,106.864914
2235,111.38858
2236,-47.398155
2237,-119.06592
2238,90.08355
2239,110.35889
2240,114.38635
2241,124.991936
2242,-66.445694
2243,-2.3676758
2244,-82.934296
2245,122.26687
2246,130.27097
2247,105.86818
2248,-53.30681
2249,-12.403145
2250,127.48109
2251,119.13192
2252,113.54437
2253,109.9653
2254,55.478313
2255,-29.848091
2256,-64.40209
2257,128.30402
2258,140.22102
2259,108.76484
2260,-65.92125
2261,112.79365
2262,138.83223
2263,18.41938
2264,14.079445
2265,-7.469467
2266,118.51849
2267,10.05616
2268,-19.249428
2269,-51.608185
2270,102.41161
2271,111.33796
2272,112.75464
2273,135.07874
2274,121.35609
2275,118.827484
2276,114.85764
2277,-51.866493
2278,112.90497
2279,92.48545
2280,115.64652
2281,-59.53765
2282,130.65895
2283,-85.34614
2284,-81.14067
2285,123.55765
2286,82.91397
2287,86.298836
2288,107.14298
2289,106.56359
2290,4.1423492
2291,-57.35017
2292,-42.37852
2293,-57.387688
2294,111.99481
2295,-89.43973
2296,108.440796
2297,136.06331
2298,25.179161
2299,-22.45037
2300,-13.733131
2301,-28.71054
2302,-43.01507
2303,136.74619
2304,117.24753
2305,108.85202
2306,115.445595
2307,125.286896
2308,125.656044
2309,118.74971
2310,13.784439
2311,-58.610153
2312,134.39749
2313,-17.00206
2314,134.16855
2315,130.53236
2316,-45.80577
2317,131.89844
2318,124.315926
2319,-16.761879
2320,131.88147
2321,-4.7164536
2322,135.58835
2323,-8.26506
2324,-31.558708
2325,8.434196
2326,123.804405
2327,110.50541
2328,120.65391
2329,116.33722
2330,0.51753235
2331,-20.159843
2332,124.29922
2333,140.4155
2334,13.990219
2335,142.43962
2336,-50.528263
2337,-59.612053
2338,-11.820015
2339,134.95358
2340,-4.125786
2341,-72.62007
2342,-8.163025
2343,132.40134
2344,116.89982
2345,128.17238
2346,140.37051
2347,13.823769
2348,129.26038
2349,116.31268
2350,122.11556
2351,-29.288414
2352,119.584274
2353,129.26384
2354,21.841171
2355,16.77182
2356,-21.978981
2357,131.15546
2358,120.78374
2359,127.5847
2360,129.70972
2361,-51.54717
2362,27.856964
2363,-65.552055
2364,-6.730934
2365,125.95687
2366,121.71274
2367,-36.67158
2368,116.02211
2369,124.73824
2370,115.739456
2371,-34.241882
2372,128.012
2373,-22.017113
2374,5.2502365
2375,20.180153
2376,134.08351
2377,-30.628502
2378,-82.90446
2379,-27.166977
2380,-22.137093
2381,137.65433
2382,29.48346
2383,132.69673
2384,106.74041
2385,123.5193
2386,19.840767
2387,13.72213
2388,131.36981
2389,114.58542
2390,131.95717
2391,112.727005
2392,126.86438
2393,143.89313
2394,-21.44609
2395,-34.01944
2396,138.7191
2397,136.61742
2398,127.81147
2399,-46.980217
2400,-23.967155
2401,24.850227
2402,129.46375
2403,142.38574
2404,130.12405
2405,136.85497
2406,137.88753
2407,-81.29123
2408,-59.11343
2409,139.33511
2410,105.263336
2411,121.680786
2412,146.21452
2413,137.16518
2414,126.674644
2415,132.01512
2416,2.6038513
2417,-13.126205
2418,126.6182
2419,-29.67379
2420,124.64037
2421,117.663765
2422,109.20634
2423,118.60078
2424,136.14456
2425,-9.931961
2426,132.38763
2427,129.33041
2428,127.459435
2429,129.23605
2430,4.3114014
2431,-101.99352
2432,-73.13435
2433,-2.7216034
2434,110.76061
2435,-43.215057
2436,-17.068672
2437,131.87228
2438,121.746025
2439,122.412895
2440,121.73491
2441,124.77822
2442,114.75714
2443,128.7873
2444,134.08257
2445,107.039055
2446,114.7068
2447,120.402145
2448,-7.1797333
2449,-10.244415
2450,119.0053
2451,-51.62311
2452,-7.0458603
2453,118.72275
2454,113.74732
2455,124.62036
2456,19.849686
2457,126.8876
2458,0.2980652
2459,-17.114197
2460,139.28792
2461,123.61471
2462,133.97188
2463,-7.570442
2464,-23.743477
2465,130.66364
2466,128.94852
2467,-60.645355
2468,-5.363098
2469,-11.264153
2470,-67.06351
2471,-22.172684
2472,131.72806
2473,135.3642
2474,148.06961
2475,143.47313
2476,12.1087265
2477,143.30104
2478,132.08344
2479,113.06333
2480,130.66412
2481,105.80456
2482,117.842026
2483,129.48167
2484,132.41258
2485,132.01419
2486,126.07179
2487,127.45969
2488,141.37459
2489,-62.593975
2490,1.4960327
2491,131.19392
2492,138.88794
2493,133.06061
2494,24.63971
2495,1.8772583
2496,132.92577
2497,133.30794
2498,130.50201
2499,-16.724075
2500,-45.92852
2501,-1.7615585
2502,33.38228
2503,147.30042
2504,148.0348
2505,92.86015
2506,130.49313
2507,-29.625107
2508,-41.401012
2509,-22.017197
2510,10.254051
2511,-50.549374
2512,-40.545353
2513,134.24329
2514,6.488243
2515,-43.94835
2516,-53.551098
2517,116.47616
2518,7.7184067
2519,113.49554
2520,135.72499
2521,12.272766
2522,-9.384354
2523,-23.985443
2524,142.56749
2525,152.40288
2526,147.26447
2527,148.74341
2528,-51.56968
2529,146.36226
2530,29.942154
2531,150.38954
2532,-25.185867
2533,-23.392494
2534,22.96199
2535,2.749878
2536,146.07489
2537,144.72858
2538,150.53236
2539,136.64864
2540,124.78748
2541,1.5073853
2542,-18.151627
2543,-16.445168
2544,30.278809
2545,27.13575
2546,-55.417957
2547,-73.2677
2548,129.96635
2549,-57.37835
2550,-53.30014
2551,-44.20801
2552,-56.46743
2553,-59.785328
2554,-41.5118
2555,-27.164703
2556,-14.990082
2557,130.75636
2558,127.439415
2559,120.134094
2560,-83.7555
2561,-79.54831
2562,105.27588
2563,133.94868
2564,-76.48642
2565,21.119598
2566,13.448029
2567,136.63081
2568,-34.4851
2569,-7.6872025
2570,-36.78587
2571,139.73543
2572,-30.636703
2573,-26.43425
2574,13.961777
2575,-59.40223
2576,-39.690346
2577,32.263107
2578,-23.717262
2579,132.0813
2580,-32.720642
2581,-67.25753
2582,3.7081451
2583,-29.37532
2584,-66.04229
2585,6.329834
2586,135.16531
2587,-20.418549
2588,-19.481361
2589,-68.37345
2590,125.46712
2591,-56.57347
2592,-32.432327
2593,-47.888336
2594,-16.657692
2595,-49.816956
2596,-63.714745
2597,-81.40568
2598,-71.708336
2599,-64.87422
2600,-69.11257
2601,-84.58771
2602,-53.69912
2603,-79.722595
2604,142.72891
2605,-14.4526825
2606,-69.73112
2607,-43.128384
2608,-98.01365
2609,-54.944683
2610,-39.438004
2611,-49.68178
2612,-46.83321
2613,12.645905
2614,-60.13949
2615,-73.36134
2616,-79.37177
2617,-38.40633
2618,142.82268
2619,140.5215
2620,-58.431797
2621,-68.90356
2622,-30.679138
2623,-9.669876
2624,-41.996822
2625,154.17595
2626,-61.344845
2627,-43.549675
2628,-82.39676
2629,-69.78145
2630,-54.053192
2631,-56.469025
2632,-64.60932
2633,145.0343
2634,-65.26608
2635,-25.794395
2636,-83.253975
2637,-78.3474
2638,-43.463505
2639,-14.67868
2640,-41.616936
2641,141.37755
2642,-93.237946
2643,37.174988
2644,0.74998474
2645,108.67346
2646,-83.93507
2647,-74.30143
2648,134.91457
2649,-63.639256
2650,-48.799587
2651,-47.119564
2652,-44.550606
2653,103.72105
2654,-111.840866
2655,-31.374146
2656,0.7566223
2657,-65.536995
2658,151.00375
2659,140.55106
2660,-10.461174
2661,-33.92502
2662,144.83792
2663,133.97392
2664,135.8831
2665,135.31967
2666,131.80301
2667,130.97827
2668,138.64262
2669,-69.40065
2670,-68.71252
2671,-50.955257
2672,-71.09406
2673,135.89359
2674,-60.965397
2675,-79.59079
2676,37.078094
2677,-4.2788315
2678,139.1263
2679,12.377014
2680,-33.856888
2681,-79.111534
2682,-48.261826
2683,-74.89727
2684,-54.526024
2685,-30.765175
2686,134.8622
2687,-49.59878
2688,-72.26695
2689,-80.06208
2690,-48.79387
2691,-51.67613
2692,-47.882767
2693,2.725731
2694,28.348602
2695,136.00845
2696,-37.657112
2697,-58.52918
2698,135.7476
2699,-70.188515
2700,-76.49921
2701,137.26877
2702,-76.47692
2703,141.07796
2704,137.23633
2705,-64.41814
2706,-79.60848
2707,149.52774
2708,145.39626
2709,-54.13789
2710,133.53311
2711,-15.189072
2712,140.32933
2713,-26.453781
2714,8.969742
2715,-66.08523
2716,-50.68037
2717,-80.3584
2718,-12.098282
2719,141.90572
2720,-69.993515
2721,-53.181797
2722,-66.200424
2723,5.2559204
2724,-76.78229
2725,-87.91032
2726,146.51057
2727,-70.825005
2728,-64.66645
2729,-44.882275
2730,-37.01964
2731,-66.25949
2732,22.50885
2733,-38.353317
2734,115.40984
2735,-62.42646
2736,-31.837166
2737,-20.644089
2738,-21.44812
2739,-86.41458
2740,-46.343697
2741,-29.169334
2742,-66.67908
2743,-73.04845
2744,-80.61709
2745,-72.49759
2746,-44.532433
2747,-74.6768
2748,-82.46452
2749,21.283485
2750,-87.83748
2751,23.840324
2752,140.03958
2753,35.409973
2754,5.317589
2755,-41.393806
2756,-55.992836
2757,144.9223
2758,-26.12114
2759,139.4251
2760,4.8962097
2761,145.18451
2762,-2.4055023
2763,-76.26747
2764,-59.780792
2765,-67.451416
2766,-74.01965
2767,-77.79219
2768,-71.40803
2769,-47.284443
2770,-17.1324
2771,9.55323
2772,-53.09723
2773,-70.16869
2774,-12.993507
2775,139.6038
2776,8.924004
2777,142.00868
2778,27.11966
2779,122.618286
2780,37.16353
2781,-48.69285
2782,-13.028984
2783,-54.65831
2784,-48.27249
2785,-30.872025
2786,139.2509
2787,-35.26879
2788,123.241425
2789,122.37149
2790,132.21507
2791,-51.776405
2792,4.7548294
2793,-49.848694
2794,-59.848083
2795,-57.396637
2796,-69.41147
2797,-66.48021
2798,-31.078537
2799,116.918495
2800,13.970177
2801,-55.825016
2802,-35.55921
2803,-45.36604
2804,-11.143921
2805,-36.27363
2806,-59.377876
2807,-16.740646
2808,123.84363
2809,-4.183861
2810,-7.67218
2811,-38.038017
2812,-80.353714
2813,146.6603
2814,-22.77185
2815,-31.333824
2816,-77.47378
2817,-51.32937
2818,-59.55239
2819,-79.99674
2820,-55.579193
2821,-52.08543
2822,-51.640305
2823,-6.4046097
2824,-19.860626
2825,-9.5013275
2826,-1.8638
2827,-74.08062
2828,-45.44807
2829,-64.01329
2830,-15.826874
2831,-0.46442413
2832,137.1426
2833,111.21211
2834,-26.459946
2835,22.903503
2836,-65.32705
2837,-48.578808
2838,-75.97383
2839,-75.94455
2840,-33.858902
2841,-50.58446
2842,-43.401035
2843,136.84132
2844,145.78703
2845,-69.13465
2846,-74.798706
2847,-83.31679
2848,-74.10771
2849,-73.385925
2850,-89.862595
2851,-30.603699
2852,-79.21337
2853,-19.513763
2854,129.53862
2855,140.7423
2856,2.9344025
2857,12.799408
2858,-77.994804
2859,-77.9694
2860,-38.8909
2861,-68.99663
2862,-32.20278
2863,-75.99904
2864,-37.841343
2865,-50.107746
2866,-83.53789
2867,-61.897697
2868,-25.658257
2869,139.42003
2870,-54.855263
2871,-71.65708
2872,-66.056816
2873,108.7669
2874,-67.68869
2875,-44.977524
2876,-51.253548
2877,-51.007797
2878,16.47274
2879,-76.236
2880,11.751083
2881,37.708683
2882,-42.892193
2883,-19.15934
2884,-51.322174
2885,-86.31292
2886,-89.87481
2887,-89.037415
2888,-78.585365
2889,-81.856705
2890,-71.11493
2891,-45.69296
2892,-78.154205
2893,126.268295
2894,-78.70795
2895,-7.5353394
2896,-78.605255
2897,14.839149
2898,-57.908863
2899,-29.661438
2900,-37.65059
2901,-4.033577
2902,-33.919388
2903,-4.1836014
2904,-32.860725
2905,-0.06569672
2906,-62.672092
2907,-48.2024
2908,-60.11698
2909,-82.66424
2910,143.31715
2911,15.052475
2912,-54.05155
2913,-55.0284
2914,-71.06332
2915,-93.42436
2916,-63.7699
2917,-67.71657
2918,-79.39243
2919,-66.42404
2920,-31.206963
2921,-23.736504
2922,-69.44339
2923,28.620728
2924,-56.69259
2925,-57.16563
2926,-70.11952
2927,-74.17516
2928,-52.35951
2929,-58.092308
2930,-68.93035
2931,24.243675
2932,-19.702309
2933,1.0061188
2934,-61.063698
2935,138.53891
2936,18.809395
2937,137.72386
2938,-62.724865
2939,-69.25576
2940,-11.583282
2941,-76.37188
2942,-21.139671
2943,8.082924
2944,-67.300095
2945,-69.92362
2946,-45.79158
2947,-61.14721
2948,-18.456413
2949,-53.65545
2950,-58.51911
2951,-21.162636
2952,-57.384476
2953,141.68082
2954,-39.04404
2955,-82.54971
2956,-71.03267
2957,-4.133461
2958,-22.346664
2959,-8.895355
2960,-69.617676
2961,-64.63292
2962,153.96024
2963,22.657722
2964,-59.131104
2965,-60.62758
2966,-18.583084
2967,-57.300903
2968,141.6169
2969,-26.817818
2970,133.37956
2971,142.2653
2972,141.34605
2973,-58.88744
2974,-62.29748
2975,-54.326916
2976,-9.179901
2977,-55.687656
2978,-54.584095
2979,-46.97491
2980,-76.82152
2981,-45.954468
2982,-23.211731
2983,-24.091805
2984,-3.5691986
2985,111.84834
2986,112.915146
2987,-42.3531
2988,-49.17589
2989,-43.376957
2990,-40.44447
2991,-22.486916
2992,135.35551
2993,-4.858551
2994,-61.02431
2995,126.83412
2996,-34.03321
2997,-38.334652
2998,-53.2749
2999,7.588005
