,"Algo generation: 8, gene: (242, 2)"
0,-27.609262
1,-111.6337
2,-113.75063
3,-119.058914
4,-118.47461
5,-118.93738
6,-120.64302
7,-114.83312
8,-118.35408
9,-114.03938
10,-115.84213
11,-117.62981
12,-115.65157
13,-119.256226
14,-113.923515
15,-116.43903
16,-120.21362
17,-120.301025
18,-117.106804
19,-120.79958
20,-115.87881
21,-115.57293
22,-114.90062
23,-120.11986
24,-113.77469
25,-116.454254
26,-120.44214
27,-113.49805
28,-118.01666
29,-117.36229
30,-114.55552
31,-120.620026
32,-119.688774
33,-116.1784
34,-121.38042
35,-116.81358
36,-117.722626
37,-115.2923
38,-120.56768
39,-116.40661
40,-118.91693
41,-120.833
42,-122.43986
43,-113.976036
44,-115.41239
45,-116.36998
46,-119.825935
47,-113.10133
48,-117.72983
49,-119.302605
50,-114.62267
51,-114.166115
52,-114.552185
53,-118.48755
54,-112.46537
55,-120.148895
56,-112.88601
57,-118.922356
58,-112.05863
59,-114.744446
60,-121.29965
61,-111.57933
62,-111.999565
63,-112.436134
64,-117.87325
65,-114.48925
66,-118.32369
67,-114.18048
68,-117.99675
69,-120.38139
70,-117.441666
71,-114.007286
72,-115.23705
73,-113.67809
74,-118.866684
75,-115.18815
76,-117.872444
77,-109.40005
78,-114.837616
79,-113.11905
80,-113.36249
81,-114.44829
82,-113.98489
83,-117.602715
84,-115.685585
85,-114.333244
86,-115.166824
87,-114.3722
88,-113.43943
89,-114.83858
90,-117.58324
91,-113.89369
92,-118.17697
93,-114.758736
94,-116.12822
95,-116.897545
96,-117.868576
97,-117.492805
98,-118.83623
99,-116.45017
100,-113.628815
101,-117.65367
102,-117.23726
103,-111.38035
104,-115.3763
105,-113.58681
106,-115.335526
107,-116.74926
108,-115.00056
109,-116.59474
110,-120.64495
111,-112.34236
112,-116.50261
113,-116.75631
114,-121.835236
115,-115.322296
116,-116.32202
117,-117.98808
118,-118.28386
119,-125.537964
120,-112.34107
121,-112.7076
122,-113.92213
123,-111.77159
124,-114.32702
125,-111.80292
126,-114.81662
127,-113.67871
128,-118.20024
129,-114.95871
130,-122.24365
131,-115.545135
132,-114.98716
133,-114.30582
134,-116.87723
135,-115.16949
136,-107.20301
137,-97.57153
138,-103.66037
139,-103.637405
140,-103.18021
141,-109.88947
142,-35.204025
143,-106.46233
144,-107.33368
145,-27.541336
146,-108.96459
147,-34.290134
148,-119.36307
149,-117.22201
150,-113.06822
151,-106.02984
152,-34.017666
153,-28.687704
154,-24.442945
155,-28.611681
156,-40.12881
157,-27.26653
158,-28.05669
159,-22.381754
160,-103.74426
161,-111.639885
162,-110.58164
163,-103.64823
164,-20.366917
165,-31.714558
166,-122.623276
167,-23.301361
168,-20.045448
169,-18.915293
170,-17.025484
171,-22.420813
172,-24.69613
173,-32.515404
174,-15.041725
175,-101.83395
176,-16.426817
177,-97.79567
178,-114.015144
179,-129.2509
180,-18.163141
181,-13.308782
182,-13.853904
183,-9.9885845
184,-146.09486
185,-22.682272
186,-23.679728
187,-25.71878
188,-27.21772
189,-29.948206
190,-30.455599
191,-125.62718
192,-15.235248
193,-21.57793
194,-17.557348
195,-19.363546
196,-22.55696
197,-125.006645
198,-98.846054
199,-10.999045
200,-97.53063
201,-16.524822
202,-15.05706
203,-17.204748
204,-13.276099
205,-22.744247
206,-13.500247
207,-113.4684
208,-116.89262
209,-10.777928
210,-10.16157
211,-10.390909
212,-11.577462
213,-13.030688
214,-10.629966
215,-104.849304
216,-14.106903
217,-110.42805
218,-19.859016
219,-10.10442
220,-101.53986
221,-6.373797
222,-103.10294
223,-9.878237
224,-106.26362
225,-12.736268
226,-105.08278
227,-125.74374
228,-10.417344
229,-34.22735
230,-22.793205
231,-18.133932
232,-25.788908
233,-35.864
234,-126.836716
235,-40.14697
236,-32.921146
237,-20.593325
238,-19.628426
239,-22.717134
240,-26.891861
241,-21.20449
242,-17.36988
243,-14.135062
244,-25.006527
245,-14.513224
246,-19.324047
247,-30.899338
248,-20.883636
249,-25.305332
250,-23.497698
251,-24.729225
252,-21.6293
253,-22.204641
254,-21.232868
255,-16.996433
256,-19.6643
257,-22.845623
258,-22.701096
259,-23.67918
260,-16.605644
261,-18.981302
262,-17.936596
263,-16.881071
264,-18.774155
265,-21.4827
266,-22.905367
267,-21.480974
268,-20.341467
269,-14.960111
270,-12.462358
271,-9.599802
272,-19.589308
273,-20.708406
274,-20.266893
275,-18.433365
276,-16.888819
277,-16.89056
278,-17.126604
279,-17.638962
280,-16.952784
281,-16.856672
282,-14.908985
283,-16.480274
284,-18.236008
285,-20.066076
286,-16.87666
287,-12.250748
288,-12.128921
289,-13.592348
290,-16.768364
291,-18.947811
292,-16.882824
293,-16.354792
294,-16.605564
295,-13.382189
296,-15.535843
297,-15.984219
298,-17.361513
299,-18.90715
300,-16.8243
301,-16.5092
302,-15.60012
303,-16.960703
304,-16.964624
305,-15.622097
306,-15.684845
307,-16.464214
308,-15.054355
309,-14.512594
310,-17.440569
311,-14.309571
312,-15.45978
313,-15.419234
314,-16.060694
315,-16.558537
316,-17.627085
317,-18.086996
318,-18.03538
319,-17.54844
320,-14.548237
321,-9.0509205
322,-14.874945
323,-17.878468
324,-129.76375
325,-8.126545
326,-9.315884
327,-10.788423
328,-13.998918
329,-15.151895
330,-16.102346
331,-15.015416
332,-10.246985
333,-14.955736
334,-13.046968
335,-12.6825075
336,-18.874462
337,-17.552643
338,-17.851803
339,-16.289309
340,-15.622815
341,-14.238722
342,-15.37287
343,-14.465199
344,-13.431156
345,-15.429813
346,-8.233678
347,-2.830602
348,-3.4963796
349,-8.815849
350,-12.933324
351,-13.229032
352,-13.848548
353,-16.101267
354,-14.217799
355,-12.213803
356,-10.193995
357,-10.675177
358,-13.312287
359,-14.371273
360,-12.024899
361,-13.199881
362,-13.79917
363,-16.783472
364,-13.287635
365,-10.639846
366,-2.9583848
367,-7.2447658
368,-5.8822875
369,-12.263542
370,-10.773573
371,-15.253092
372,-8.6444435
373,-10.754196
374,-118.67075
375,-16.310524
376,-10.709683
377,-12.474458
378,-16.992687
379,-19.865566
380,-20.16604
381,-15.984913
382,-14.402462
383,-14.206717
384,-14.089924
385,-12.944884
386,-14.048249
387,-13.166203
388,-13.048092
389,-13.627433
390,-13.585685
391,-10.122265
392,-8.916634
393,-6.345019
394,-6.2064314
395,-7.323171
396,-7.0542655
397,-12.879564
398,-13.426214
399,-13.104406
400,-11.810971
401,-11.744097
402,-14.317745
403,-12.411838
404,-10.506739
405,-10.315193
406,-11.666637
407,-9.925748
408,-12.7031355
409,-15.21439
410,-18.17528
411,-16.704636
412,-20.720602
413,-20.816967
414,-19.977722
415,-21.048805
416,-11.164068
417,-13.539231
418,-12.849175
419,-11.857546
420,-10.508417
421,-7.0493207
422,-8.030596
423,-9.509236
424,-10.370714
425,-9.306742
426,-8.201736
427,-9.064341
428,-10.271968
429,-8.68749
430,-9.813785
431,-10.1986065
432,-10.121638
433,-9.526264
434,-9.217763
435,-9.132679
436,-12.7440605
437,-12.70943
438,-11.574581
439,-10.359919
440,-7.1376214
441,-7.5439773
442,-7.5664797
443,-5.8401365
444,-5.9895716
445,-6.523377
446,-9.823184
447,-10.885151
448,-12.928038
449,-13.090545
450,-10.438499
451,-10.126285
452,-10.545729
453,-11.138185
454,-10.689516
455,-8.444297
456,-8.436353
457,-7.6152754
458,-6.215214
459,-6.302944
460,-5.9212403
461,-6.427443
462,-9.253235
463,-10.408815
464,-10.298266
465,-14.018513
466,-12.357099
467,-9.720831
468,-6.8332586
469,-7.054491
470,-8.37615
471,-8.023331
472,-8.88707
473,-9.834175
474,-8.711123
475,-9.684326
476,-8.936254
477,-8.856376
478,-8.311417
479,-11.236008
480,-11.822854
481,-17.406872
482,-20.707132
483,-19.142115
484,-11.37243
485,-7.3521085
486,-7.795451
487,-10.721289
488,-11.725319
489,-10.45953
490,-7.747507
491,-8.10105
492,-8.096632
493,-7.212394
494,-7.779064
495,-103.30056
496,-9.332076
497,-10.162942
498,-9.208387
499,-9.569811
500,-9.607138
501,-4.553352
502,-10.416913
503,-7.969872
504,-10.778465
505,-9.916988
506,-10.374781
507,-11.462908
508,-9.606839
509,-10.8454275
510,-3.469688
511,-6.6630535
512,-3.4847653
513,-2.3394334
514,-115.835655
515,-9.611049
516,-6.666139
517,-8.057434
518,-2.7295973
519,-1.7430692
520,-1.4096518
521,-95.71536
522,0.11040695
523,0.71300185
524,-6.516486
525,-11.084507
526,-8.780396
527,-1.4744104
528,22.778633
529,6.782316
530,-1.7739546
531,-9.346079
532,-2.5730495
533,-1.1610495
534,-3.1807094
535,-4.150355
536,-8.790793
537,-10.248759
538,-10.049332
539,-12.184097
540,-9.628188
541,-9.396659
542,-10.394006
543,-12.408307
544,-15.901747
545,-9.180005
546,1.0687147
547,-6.612228
548,-7.848158
549,-10.888016
550,-5.5605497
551,-102.06723
552,-103.796326
553,-8.013543
554,-7.7263803
555,-7.4987335
556,-9.013713
557,-12.021619
558,-12.340913
559,-9.900279
560,-6.332412
561,-5.450452
562,-9.672992
563,-8.64828
564,-13.940958
565,-10.362874
566,-13.181941
567,-12.305873
568,-4.7388263
569,-99.27547
570,-4.38225
571,-5.869903
572,-6.597251
573,-4.611034
574,-7.8774347
575,-9.833057
576,-8.887367
577,-8.278947
578,-7.1204033
579,-6.9752765
580,-6.7309027
581,-7.926222
582,-6.8711786
583,-3.5609562
584,-10.815443
585,-12.969333
586,-9.506204
587,-8.120072
588,-97.74338
589,-100.429016
590,-97.338394
591,-15.606102
592,-118.31324
593,-8.093005
594,-13.321127
595,-11.029964
596,-12.179962
597,-118.68587
598,-24.43141
599,-8.751614
600,-8.061327
601,-5.5264363
602,-6.8841586
603,-6.0795064
604,-15.498151
605,-6.6899858
606,-3.158608
607,-4.382657
608,-4.6178503
609,-6.9503326
610,-7.0268626
611,-7.6146474
612,-7.563945
613,-9.479215
614,-9.832019
615,-24.028563
616,-15.813278
617,-8.984292
618,-10.441382
619,-26.164936
620,-24.94427
621,-101.29626
622,-18.602213
623,-17.745409
624,-14.145616
625,-96.82946
626,-97.51697
627,-97.56485
628,-14.11066
629,-19.355974
630,-20.52557
631,-20.449577
632,-98.07411
633,-13.29459
634,-10.435783
635,-19.396767
636,-119.64034
637,-14.214932
638,-13.480236
639,-16.141998
640,-17.37023
641,-17.115555
642,-16.304232
643,-17.929754
644,-18.827978
645,-16.725605
646,-22.07717
647,-20.63808
648,-22.283949
649,-19.588158
650,-19.680418
651,-17.587946
652,-18.784933
653,-17.079885
654,-19.545048
655,-17.24719
656,-16.107668
657,-13.437603
658,-16.211708
659,-16.115437
660,-18.685354
661,-17.310116
662,-19.8722
663,-14.384701
664,-111.094505
665,-92.82361
666,-7.9094534
667,-10.539873
668,-13.321029
669,-13.624864
670,-16.6271
671,-16.783247
672,-14.982362
673,-13.450369
674,-14.510124
675,-21.681553
676,-15.658659
677,-19.126314
678,-14.105318
679,-18.160145
680,-20.777407
681,-24.225664
682,-25.28499
683,-25.920662
684,-2.1584268
685,-122.69486
686,-29.00047
687,-24.629496
688,-25.464441
689,-28.626503
690,-33.237026
691,-34.410824
692,-34.752937
693,-34.061428
694,-28.360031
695,-29.277948
696,-31.280153
697,-33.68596
698,-31.601059
699,-98.41723
700,-99.08965
701,-16.202396
702,-27.7596
703,-114.79498
704,-124.97478
705,-28.075253
706,-30.577147
707,-29.382275
708,-28.046116
709,-27.539808
710,-110.22106
711,-15.356847
712,-24.349812
713,-23.493809
714,-24.944323
715,-25.181486
716,-24.644262
717,-24.268698
718,-22.035294
719,-22.486399
720,-20.290922
721,-134.80486
722,-100.34212
723,-98.52205
724,-102.451385
725,-19.058775
726,-21.326189
727,-14.678671
728,-13.47526
729,-117.66615
730,-23.5819
731,-15.685881
732,-12.673085
733,-21.887745
734,-29.23439
735,-32.427402
736,-27.552
737,-11.711437
738,-15.221294
739,-99.705025
740,-102.79735
741,-3.1238637
742,-101.0837
743,-102.72802
744,-102.50017
745,-94.431435
746,-8.102349
747,-27.185751
748,-22.06997
749,-22.534475
750,-12.701463
751,-15.46455
752,-15.041873
753,-4.845788
754,-100.67463
755,-21.136013
756,-17.179455
757,-15.090596
758,-9.355226
759,-5.773809
760,-122.353745
761,-106.974495
762,-27.800875
763,-94.680954
764,-96.76829
765,-93.50775
766,-95.42963
767,-21.996582
768,-24.443264
769,-23.531786
770,-25.932673
771,-98.56016
772,-95.26378
773,-96.492294
774,-99.49389
775,-102.09058
776,-101.960144
777,-99.845146
778,-94.48745
779,-99.36565
780,-96.28492
781,-15.917435
782,-101.87242
783,-97.47298
784,-98.09216
785,-99.68179
786,-98.99075
787,-102.58814
788,-100.70004
789,-97.890625
790,-99.55359
791,-100.47703
792,-100.64668
793,-97.46812
794,-101.5808
795,-106.132675
796,-101.82154
797,-101.83427
798,-90.16816
799,-98.84704
800,-101.06609
801,-92.437515
802,-104.513145
803,-28.230852
804,-26.69343
805,-109.709694
806,-123.39316
807,-95.455444
808,-97.10645
809,-96.06432
810,-93.40648
811,-105.71795
812,-103.71529
813,-101.03161
814,-123.965775
815,-98.66622
816,-14.693525
817,4.070579
818,-19.874456
819,-145.9496
820,-2.8328562
821,-135.26044
822,-101.17169
823,-99.12341
824,-102.7069
825,-101.0191
826,-98.625984
827,-97.70478
828,-96.99835
829,-97.584496
830,-99.71551
831,-120.25482
832,-132.09575
833,-115.64966
834,-104.92856
835,-107.51442
836,-131.13553
837,-107.13899
838,-100.99205
839,-138.72223
840,-123.44153
841,-103.993286
842,-115.78848
843,-101.19786
844,-108.97517
845,-103.04151
846,-102.54147
847,-102.906555
848,-102.345535
849,-131.20357
850,-96.119896
851,-116.89732
852,-118.51391
853,-94.01447
854,-118.03078
855,-92.515465
856,-95.750496
857,-99.329704
858,-125.4067
859,-116.488525
860,-120.72503
861,-98.59747
862,-93.0005
863,-23.14688
864,-22.554396
865,-24.73318
866,-107.43262
867,-103.79022
868,-12.051688
869,-118.109856
870,-124.2776
871,-120.87915
872,-23.328365
873,-20.266191
874,-34.35557
875,-30.187078
876,-27.380781
877,-25.809986
878,-18.118948
879,-23.376373
880,-27.358078
881,-31.425907
882,-30.41273
883,-85.26367
884,-95.60383
885,15.592271
886,-10.159625
887,-99.93985
888,-14.581648
889,-85.93233
890,-115.95001
891,-116.11127
892,-111.83601
893,-95.84521
894,-105.34383
895,-89.437546
896,-91.54648
897,-109.69551
898,-110.31646
899,-82.77219
900,-109.36876
901,-102.63419
902,-99.92521
903,-90.242744
904,-94.40094
905,-98.74038
906,-111.09873
907,-108.53224
908,-113.04037
909,-99.36737
910,-91.969604
911,-103.84039
912,-104.14648
913,-102.77872
914,-100.59312
915,-107.500824
916,20.452568
917,-121.54959
918,-118.70595
919,-10.035103
920,-95.64945
921,-91.193924
922,-96.13799
923,-93.02031
924,0.49386087
925,-6.8055844
926,-2.3718903
927,-98.33897
928,-12.055739
929,-104.45024
930,-87.15004
931,-94.06583
932,-94.40857
933,-100.309525
934,-103.52206
935,-14.224619
936,-17.405918
937,-16.720085
938,-34.827435
939,-10.66227
940,-84.611984
941,-97.91564
942,-89.67467
943,-113.44531
944,-120.37727
945,-100.49529
946,-107.218605
947,-122.40335
948,-103.27745
949,-90.571884
950,-88.85422
951,-97.700775
952,-102.49459
953,-101.95392
954,-104.313805
955,-106.83562
956,-95.47487
957,-13.183468
958,-97.40864
959,-103.59458
960,-9.358602
961,2.2076359
962,-4.6095347
963,-94.453064
964,-23.966087
965,-105.665535
966,-104.00268
967,-29.979055
968,-15.3061495
969,-92.20961
970,-122.55864
971,-11.734805
972,-15.840879
973,-88.0519
974,-5.486576
975,-88.39905
976,-19.068224
977,-11.869495
978,-13.698861
979,-10.000151
980,-7.847566
981,-10.157362
982,-15.24953
983,-32.97704
984,-3.9395206
985,-7.715346
986,-92.99134
987,-90.17213
988,-86.989296
989,-10.74041
990,-84.75356
991,-10.299086
992,-15.960348
993,-89.43591
994,-129.32376
995,-26.12309
996,-25.175152
997,-23.518131
998,-25.042725
999,-19.315226
1000,-12.318506
1001,-15.25638
1002,-22.54103
1003,-7.647768
1004,-8.74073
1005,-9.817579
1006,-32.66398
1007,-27.838984
1008,-14.756801
1009,-6.3017583
1010,-9.313965
1011,-27.018751
1012,-30.426453
1013,-24.276016
1014,-22.083717
1015,-20.488632
1016,-24.34068
1017,-19.59849
1018,-10.461136
1019,-5.7428484
1020,-8.4278755
1021,-15.000122
1022,-16.018116
1023,-24.55353
1024,-19.562403
1025,-5.9468117
1026,-17.394665
1027,-96.24274
1028,-106.14308
1029,-92.62841
1030,-10.302549
1031,-9.347433
1032,5.2535915
1033,-9.740698
1034,-18.142677
1035,-22.425537
1036,-30.346035
1037,-14.87989
1038,-28.708096
1039,-28.900421
1040,-27.03213
1041,-23.58768
1042,-24.73459
1043,-17.89409
1044,-15.53282
1045,-10.814759
1046,-11.466041
1047,-11.676286
1048,-97.8034
1049,-15.955822
1050,-16.450792
1051,-20.321848
1052,-21.968634
1053,-20.05193
1054,-14.946842
1055,-16.35333
1056,-15.183039
1057,-5.294055
1058,-5.8284016
1059,-10.580887
1060,-2.0751495
1061,-103.04571
1062,-101.88014
1063,-103.85605
1064,-101.96081
1065,-18.184578
1066,-21.50997
1067,-109.90215
1068,-103.90084
1069,-27.906479
1070,-23.385313
1071,-21.478662
1072,-22.428787
1073,-15.904414
1074,-20.210426
1075,-26.590088
1076,-24.599695
1077,-29.813374
1078,-29.707506
1079,-25.87281
1080,-27.469381
1081,-27.98237
1082,-42.49229
1083,-43.79015
1084,-26.683226
1085,-28.136074
1086,-31.49091
1087,-35.6271
1088,-33.65144
1089,-29.43493
1090,-25.854778
1091,-25.117275
1092,-24.491545
1093,-17.68165
1094,-27.312305
1095,-19.893812
1096,-26.09751
1097,-25.580582
1098,-26.263699
1099,-16.441513
1100,-101.15533
1101,4.1674695
1102,0.70691276
1103,-103.183395
1104,-123.284805
1105,-98.51168
1106,-94.52828
1107,-98.85079
1108,-117.61536
1109,-91.1048
1110,-95.438
1111,-91.679634
1112,-11.275849
1113,-93.07624
1114,14.462824
1115,-119.24324
1116,18.874002
1117,-113.31754
1118,-112.66589
1119,-122.99491
1120,-102.37029
1121,-139.46315
1122,5.880927
1123,26.561884
1124,17.001373
1125,24.296413
1126,-94.66284
1127,6.465114
1128,-105.37599
1129,-109.39726
1130,5.651636
1131,-98.69171
1132,-121.082306
1133,10.60124
1134,-4.702341
1135,5.9732957
1136,6.628277
1137,-2.5449634
1138,2.0552194
1139,-93.62008
1140,-92.292
1141,-98.50936
1142,-9.685958
1143,0.0788701
1144,5.983482
1145,1.919505
1146,1.8536607
1147,-105.9415
1148,-109.66417
1149,-95.79812
1150,-92.39186
1151,-94.31189
1152,-93.52687
1153,-100.3896
1154,-106.7806
1155,-100.43273
1156,-108.8757
1157,14.649805
1158,-7.1844845
1159,-90.563705
1160,-101.789185
1161,-122.289795
1162,4.227234
1163,7.8561983
1164,3.5345504
1165,-1.0954292
1166,4.793849
1167,7.2355075
1168,3.7112749
1169,2.5555696
1170,-107.350914
1171,-96.87178
1172,-78.43222
1173,-93.26303
1174,-100.75809
1175,-94.39907
1176,-108.87739
1177,-101.89652
1178,-93.02366
1179,-94.366844
1180,-8.236124
1181,-14.738092
1182,-6.7535853
1183,-10.134586
1184,-19.283913
1185,-107.0299
1186,-92.48242
1187,-103.50548
1188,-97.13952
1189,-97.916855
1190,-106.6608
1191,-104.14765
1192,-107.23728
1193,-100.20789
1194,-101.629196
1195,-101.358604
1196,-3.1188269
1197,-109.79298
1198,-105.91037
1199,-107.71015
1200,-104.54799
1201,-92.33837
1202,-91.688446
1203,-97.0876
1204,-103.34889
1205,-105.45779
1206,-94.114784
1207,-96.33528
1208,-102.82732
1209,-100.134834
1210,-100.63471
1211,-121.6224
1212,-26.934372
1213,-108.312706
1214,-109.252144
1215,-112.639145
1216,-87.743164
1217,-102.00222
1218,-101.19888
1219,-99.89277
1220,-99.282684
1221,-99.257774
1222,-30.472939
1223,-29.853886
1224,-28.716118
1225,-28.344711
1226,-102.000496
1227,-27.966469
1228,-30.4015
1229,-23.5263
1230,-108.79455
1231,-100.901436
1232,-101.39629
1233,-101.11912
1234,-105.391266
1235,-97.484245
1236,-96.788765
1237,5.409087
1238,-104.42996
1239,-34.683445
1240,-39.294556
1241,-108.280846
1242,-111.31951
1243,-112.568756
1244,-104.11924
1245,-102.65423
1246,-99.92239
1247,-109.162506
1248,-106.545135
1249,-96.91505
1250,-114.97541
1251,-103.300316
1252,-102.93729
1253,-116.61616
1254,-109.42595
1255,-101.614204
1256,-102.87622
1257,-99.59225
1258,3.3858082
1259,-15.070622
1260,-104.36723
1261,-97.559425
1262,-100.342255
1263,-104.654884
1264,-102.98217
1265,-107.3033
1266,-104.50937
1267,-102.77514
1268,-101.585266
1269,-121.44321
1270,-104.85199
1271,-107.61642
1272,-107.801735
1273,-122.575
1274,-2.8461177
1275,-113.90124
1276,-13.532666
1277,-16.486736
1278,-108.40334
1279,-2.870086
1280,-110.00961
1281,-115.030685
1282,-122.20686
1283,-122.51157
1284,-18.645641
1285,-6.892417
1286,-134.47897
1287,0.34200984
1288,-5.921061
1289,-99.291466
1290,-123.8705
1291,-112.25943
1292,-96.10719
1293,-5.295424
1294,-94.44439
1295,10.468632
1296,-112.64627
1297,-121.357895
1298,-132.48372
1299,-141.43405
1300,-102.296104
1301,-3.351019
1302,-99.224945
1303,-147.21112
1304,-114.54982
1305,-126.34687
1306,-123.957466
1307,-116.58549
1308,-108.82081
1309,-125.0732
1310,-112.682884
1311,-25.76741
1312,-40.479908
1313,-14.037888
1314,-15.0696125
1315,-16.499214
1316,-114.61519
1317,-115.25025
1318,-113.34805
1319,-109.98018
1320,-20.007868
1321,-101.81205
1322,-102.592804
1323,-102.79582
1324,-102.68974
1325,-137.56572
1326,-112.98102
1327,-109.1529
1328,-94.20394
1329,8.393131
1330,14.755405
1331,-87.50337
1332,7.2914066
1333,-83.3947
1334,2.0528111
1335,-20.669714
1336,-0.8090893
1337,-5.810861
1338,-3.5984726
1339,4.673745
1340,12.231104
1341,-95.166214
1342,-11.801889
1343,-19.754963
1344,-25.606586
1345,-28.603407
1346,-32.54029
1347,-14.611034
1348,5.2767425
1349,-6.9573417
1350,-11.437993
1351,-19.538204
1352,-17.978207
1353,-2.0791795
1354,4.6320763
1355,-101.34701
1356,-115.4907
1357,-103.29094
1358,-106.50788
1359,-106.208374
1360,-105.30194
1361,-104.82449
1362,-110.148926
1363,-20.765316
1364,-22.989727
1365,-23.553642
1366,-25.665747
1367,-30.144333
1368,-29.941296
1369,-20.376554
1370,-25.932713
1371,-35.090626
1372,-31.692839
1373,-17.920507
1374,-32.750854
1375,-32.426895
1376,-26.98633
1377,-29.369507
1378,-26.06765
1379,-25.276152
1380,-26.770868
1381,-18.565348
1382,-27.945095
1383,-8.698994
1384,-29.08697
1385,-8.575446
1386,-26.50761
1387,-23.965124
1388,-26.148735
1389,-28.692406
1390,-19.916222
1391,-21.185963
1392,-23.825401
1393,-23.827904
1394,-28.624266
1395,-39.460243
1396,-43.508957
1397,-127.51497
1398,-113.24202
1399,-108.11423
1400,-4.5423265
1401,3.5660038
1402,-109.045334
1403,-108.18764
1404,-109.27497
1405,-108.68468
1406,-110.41435
1407,-117.26877
1408,-114.53568
1409,-115.012794
1410,-112.593994
1411,-120.16476
1412,-110.80642
1413,-108.95624
1414,-108.87817
1415,-107.44556
1416,-108.04426
1417,-107.50177
1418,-4.0235767
1419,6.3536544
1420,9.393585
1421,5.4467716
1422,-4.0039983
1423,-86.016685
1424,-102.349815
1425,-71.346466
1426,47.35133
1427,-105.85811
1428,-116.194534
1429,-109.218834
1430,-108.3388
1431,-118.975204
1432,-11.389233
1433,-110.42131
1434,-102.795815
1435,11.0856285
1436,-93.93314
1437,-91.404686
1438,-90.69535
1439,-91.04675
1440,-90.18985
1441,0.61634594
1442,-3.5414808
1443,-2.1166973
1444,-5.297373
1445,-31.599918
1446,-122.82771
1447,-36.01082
1448,-107.95873
1449,-5.453263
1450,-106.55384
1451,-133.7714
1452,1.545131
1453,-133.60707
1454,-112.7743
1455,-90.55775
1456,-96.0416
1457,7.0873733
1458,-84.17869
1459,-2.37053
1460,-0.18103606
1461,-14.467255
1462,-11.476018
1463,-20.586304
1464,-8.728
1465,-8.874676
1466,-2.3115766
1467,-11.452106
1468,-0.41921955
1469,-12.492252
1470,1.9305258
1471,27.660074
1472,-123.32184
1473,7.7720923
1474,-88.368484
1475,-92.49155
1476,18.615746
1477,5.893654
1478,9.321573
1479,6.5860815
1480,23.996939
1481,15.532169
1482,-117.30569
1483,-77.87259
1484,-99.119225
1485,-98.86129
1486,-95.08685
1487,-109.34607
1488,-93.36698
1489,24.249872
1490,18.242859
1491,15.963271
1492,-64.40387
1493,-91.158875
1494,-118.14189
1495,21.0074
1496,-92.60405
1497,-1.5197003
1498,-2.0985682
1499,3.6405015
1500,-102.428696
1501,-100.88509
1502,-91.72366
1503,-9.263036
1504,-122.93323
1505,-78.15985
1506,-82.971504
1507,7.4205074
1508,26.5732
1509,-4.5557704
1510,-96.02746
1511,6.367658
1512,-89.76115
1513,17.854351
1514,-95.00091
1515,-94.03653
1516,-100.14982
1517,-92.38842
1518,-89.77583
1519,-1.4856647
1520,-8.570412
1521,-5.0278
1522,2.0754397
1523,-10.168466
1524,-4.9831057
1525,-92.00622
1526,29.57134
1527,23.956528
1528,-77.78293
1529,24.506376
1530,31.201376
1531,18.614538
1532,-99.9891
1533,-94.9646
1534,-95.66037
1535,-91.461685
1536,-90.57075
1537,-89.5293
1538,-85.25499
1539,1.0744438
1540,5.7267456
1541,-5.061268
1542,24.29996
1543,15.268548
1544,18.286871
1545,23.273813
1546,13.4433565
1547,-119.55137
1548,16.86662
1549,-104.45873
1550,-95.034424
1551,-92.58784
1552,-4.1792707
1553,-8.812096
1554,-8.511086
1555,-2.9358094
1556,-93.16691
1557,12.45211
1558,9.330335
1559,0.040864915
1560,7.439538
1561,5.501045
1562,-0.1719487
1563,-9.376931
1564,-2.5155888
1565,-2.5130248
1566,6.374065
1567,-3.3279362
1568,-105.81715
1569,-147.51845
1570,-129.2687
1571,-110.33943
1572,-10.233612
1573,-16.565393
1574,-116.561134
1575,-105.215126
1576,-87.19265
1577,2.9456394
1578,1.6808648
1579,-101.48105
1580,-101.1357
1581,-127.94847
1582,-119.33157
1583,-132.10635
1584,-119.21352
1585,-130.85577
1586,18.738083
1587,9.213156
1588,-101.71509
1589,-87.89655
1590,10.97292
1591,9.1586895
1592,-93.61968
1593,-87.6333
1594,11.025178
1595,13.093132
1596,7.3915377
1597,9.211048
1598,10.703491
1599,17.740135
1600,21.194942
1601,-108.9218
1602,20.98726
1603,-118.11397
1604,-125.0848
1605,8.125242
1606,29.7448
1607,21.932037
1608,31.529705
1609,16.540432
1610,-104.95408
1611,27.67893
1612,21.047785
1613,-0.020400546
1614,-0.90367115
1615,4.254336
1616,20.8738
1617,27.447342
1618,-87.44689
1619,40.721836
1620,-112.06982
1621,-111.0028
1622,33.489746
1623,-102.59176
1624,-102.10891
1625,-101.03393
1626,-98.59863
1627,-104.122574
1628,-97.89519
1629,-91.653946
1630,-96.30129
1631,-99.72725
1632,-91.15981
1633,-90.268425
1634,-93.73204
1635,-91.833015
1636,-93.93217
1637,-89.58798
1638,11.634231
1639,3.9563444
1640,-108.108765
1641,-113.42929
1642,-105.42899
1643,-75.674225
1644,24.855017
1645,21.309046
1646,13.678495
1647,-0.12917367
1648,-110.8362
1649,41.934727
1650,31.352333
1651,12.282872
1652,25.230595
1653,16.17563
1654,11.316234
1655,-3.0484076
1656,-91.50865
1657,-91.72036
1658,-114.30727
1659,-58.324936
1660,20.748682
1661,2.3801658
1662,-97.6804
1663,-101.717964
1664,-124.18559
1665,-144.13506
1666,-94.50367
1667,-93.326515
1668,34.530106
1669,14.869945
1670,16.76505
1671,36.63484
1672,1.7779983
1673,-122.5612
1674,-111.319695
1675,-4.1757903
1676,-123.387024
1677,-124.34545
1678,-109.65519
1679,-131.49768
1680,-131.75363
1681,-37.510704
1682,-117.20852
1683,-112.06177
1684,29.174164
1685,6.236907
1686,-117.80972
1687,-4.7375093
1688,-113.4606
1689,-130.03479
1690,-35.13058
1691,-35.468494
1692,-5.0967655
1693,-10.497168
1694,-105.758026
1695,-109.609604
1696,-97.913216
1697,-105.429
1698,7.3573647
1699,-106.38532
1700,-100.16281
1701,-98.31492
1702,25.462704
1703,20.74735
1704,-119.37384
1705,-88.72586
1706,-108.61842
1707,-99.75954
1708,-96.9188
1709,-0.61855733
1710,10.389751
1711,41.82809
1712,31.728945
1713,39.685173
1714,24.106169
1715,23.113493
1716,15.968473
1717,12.077779
1718,15.485472
1719,-118.013176
1720,23.290012
1721,24.103584
1722,-120.36788
1723,20.604464
1724,-119.7957
1725,-123.10112
1726,11.762896
1727,21.689642
1728,-122.456436
1729,23.307018
1730,6.0383463
1731,25.424526
1732,30.631226
1733,22.239855
1734,31.685123
1735,-25.779144
1736,-23.130884
1737,-33.96192
1738,-14.176051
1739,37.54722
1740,37.547363
1741,18.071587
1742,19.826279
1743,9.502683
1744,20.526583
1745,24.555544
1746,24.299122
1747,38.33006
1748,42.28534
1749,43.62576
1750,46.17224
1751,58.889816
1752,32.05943
1753,-6.675842
1754,35.5095
1755,-117.849075
1756,-117.73428
1757,-113.88722
1758,-124.71988
1759,-32.82646
1760,6.8851557
1761,-113.8223
1762,-103.15215
1763,18.725868
1764,21.5745
1765,13.157971
1766,31.071228
1767,10.7349615
1768,33.149845
1769,45.866283
1770,18.047394
1771,37.6906
1772,-67.57132
1773,47.506203
1774,39.683723
1775,43.825733
1776,18.559788
1777,30.57558
1778,41.449524
1779,24.068804
1780,26.380621
1781,50.990433
1782,-113.90308
1783,11.70308
1784,-24.010035
1785,-33.239388
1786,-33.694244
1787,-29.299091
1788,25.874054
1789,-84.585655
1790,50.898064
1791,49.56826
1792,60.71194
1793,61.061836
1794,30.031097
1795,8.702991
1796,4.074751
1797,-20.040363
1798,-9.970926
1799,-10.248049
1800,-12.583084
1801,-11.821419
1802,-23.505268
1803,-24.13494
1804,-20.966211
1805,-21.13553
1806,-20.08319
1807,3.8647778
1808,-13.915203
1809,-13.221047
1810,3.1898973
1811,-19.903177
1812,-23.8694
1813,-22.441158
1814,-19.61898
1815,-16.373304
1816,-0.36023074
1817,-21.324589
1818,-10.708844
1819,28.249187
1820,8.365174
1821,-24.013042
1822,-25.09165
1823,-27.968742
1824,-20.349302
1825,-94.73646
1826,52.132786
1827,1.7885087
1828,-24.547148
1829,-23.987139
1830,-22.755299
1831,-19.489782
1832,-12.208423
1833,-21.670958
1834,-24.29144
1835,-23.661673
1836,-23.287872
1837,-25.290197
1838,-22.380327
1839,-12.234072
1840,50.11768
1841,-20.188393
1842,-21.086498
1843,-30.310095
1844,-31.05845
1845,-29.979033
1846,-27.4061
1847,-25.055351
1848,41.824467
1849,52.085377
1850,34.764366
1851,-18.981815
1852,23.059027
1853,45.741383
1854,55.432407
1855,38.023357
1856,62.200844
1857,65.49819
1858,72.494545
1859,65.86815
1860,62.937683
1861,46.550133
1862,56.411137
1863,55.765522
1864,62.274445
1865,69.22528
1866,52.651146
1867,68.30786
1868,64.1383
1869,61.68438
1870,57.459087
1871,-20.920736
1872,-21.086344
1873,47.89973
1874,54.623344
1875,48.143764
1876,8.879044
1877,-16.161385
1878,31.251175
1879,36.061123
1880,-55.274986
1881,75.92308
1882,-39.852036
1883,-55.64319
1884,-27.64711
1885,70.68524
1886,61.691505
1887,57.852177
1888,53.50374
1889,46.182953
1890,43.363235
1891,44.09291
1892,71.617645
1893,64.51814
1894,64.77749
1895,4.204913
1896,13.331096
1897,-3.5841892
1898,42.95391
1899,-0.011597499
1900,-12.368655
1901,-15.041935
1902,-2.2824934
1903,56.061054
1904,57.93948
1905,46.351887
1906,-11.858106
1907,30.789993
1908,26.78248
1909,18.535805
1910,26.38501
1911,18.688461
1912,44.63034
1913,-63.254307
1914,-41.612312
1915,-51.64746
1916,-46.007473
1917,73.58324
1918,59.932293
1919,41.80855
1920,44.302185
1921,31.73025
1922,43.44182
1923,52.609997
1924,45.02264
1925,37.45675
1926,30.037338
1927,-10.750508
1928,-9.34869
1929,49.5616
1930,54.57858
1931,59.580696
1932,49.27022
1933,50.434776
1934,-6.427809
1935,30.604513
1936,0.33885372
1937,13.6193905
1938,22.81833
1939,17.502594
1940,34.13082
1941,41.423992
1942,54.92034
1943,38.30324
1944,56.159706
1945,61.2857
1946,58.512257
1947,60.539997
1948,68.34393
1949,62.458668
1950,63.00505
1951,61.34088
1952,67.66004
1953,61.878468
1954,79.28829
1955,49.832603
1956,57.0685
1957,51.415707
1958,34.65273
1959,37.24002
1960,53.522953
1961,58.87469
1962,54.773144
1963,75.11921
1964,-81.333435
1965,-54.884228
1966,45.013603
1967,37.33286
1968,53.363865
1969,51.567818
1970,-81.689896
1971,42.54481
1972,35.256718
1973,53.661663
1974,35.80824
1975,40.670536
1976,25.267387
1977,55.734932
1978,-116.03647
1979,51.83322
1980,-129.78891
1981,-116.839355
1982,-133.716
1983,-107.22128
1984,-109.901024
1985,-107.80062
1986,-107.1541
1987,-107.19915
1988,-109.37253
1989,-109.27087
1990,-111.05343
1991,-109.67648
1992,-109.380936
1993,-106.94863
1994,-115.69003
1995,41.651318
1996,37.91501
1997,41.971294
1998,44.313805
1999,29.568535
2000,35.148815
2001,54.46472
2002,25.469797
2003,42.763206
2004,-84.97298
2005,52.257458
2006,48.05139
2007,39.981796
2008,33.43917
2009,57.17183
2010,47.147488
2011,35.54142
2012,47.790333
2013,48.302193
2014,59.2747
2015,47.323517
2016,71.08606
2017,72.79272
2018,58.50525
2019,-58.725178
2020,-77.969185
2021,51.83788
2022,59.98328
2023,48.9062
2024,47.002445
2025,50.59365
2026,55.698902
2027,62.443466
2028,63.972412
2029,56.67469
2030,61.172066
2031,-40.524937
2032,58.839867
2033,56.315247
2034,61.74944
2035,34.749138
2036,-150.99792
2037,78.83425
2038,60.465054
2039,64.15717
2040,-44.006477
2041,87.106316
2042,-30.481346
2043,-53.985653
2044,-70.90789
2045,-54.575783
2046,-65.23575
2047,-58.35801
2048,-99.14057
2049,-85.39789
2050,-15.563171
2051,34.304523
2052,-115.3383
2053,80.413734
2054,-29.029533
2055,56.401863
2056,31.900084
2057,52.82852
2058,44.051
2059,47.03038
2060,69.74574
2061,-62.574802
2062,-125.17172
2063,-117.96225
2064,-120.77072
2065,85.10107
2066,-58.164516
2067,-35.912674
2068,74.6349
2069,44.40226
2070,-124.32894
2071,-33.791115
2072,79.58619
2073,70.19761
2074,89.49682
2075,62.801105
2076,45.52643
2077,29.313356
2078,38.78557
2079,39.5203
2080,69.106834
2081,-57.9439
2082,73.736336
2083,81.6709
2084,60.920303
2085,58.90621
2086,54.288536
2087,47.61465
2088,47.876583
2089,41.54232
2090,45.58439
2091,46.227215
2092,64.85646
2093,57.120827
2094,63.934067
2095,52.882877
2096,57.27728
2097,42.782482
2098,57.015167
2099,61.925095
2100,71.89019
2101,72.19369
2102,53.863316
2103,-35.66346
2104,81.075806
2105,-31.261627
2106,-64.860565
2107,-37.7464
2108,77.91461
2109,-42.33935
2110,72.394714
2111,56.299572
2112,68.745125
2113,77.44187
2114,68.16079
2115,72.61905
2116,79.04402
2117,-63.462933
2118,-89.116165
2119,-77.82468
2120,77.1066
2121,-42.7603
2122,-29.102097
2123,-68.7185
2124,-74.79071
2125,-50.290993
2126,-60.697544
2127,-63.27659
2128,75.792885
2129,-45.661808
2130,54.955914
2131,-34.3582
2132,-71.0356
2133,85.66897
2134,87.16509
2135,-102.20742
2136,-101.98043
2137,-101.6789
2138,-130.19864
2139,-140.35512
2140,-86.99402
2141,-45.134552
2142,-50.40054
2143,-70.817955
2144,52.626255
2145,66.395355
2146,-58.130028
2147,68.605644
2148,62.283325
2149,51.948853
2150,51.880386
2151,43.141132
2152,40.986492
2153,35.91726
2154,37.012318
2155,52.10249
2156,55.56076
2157,63.6766
2158,74.7963
2159,97.95838
2160,-58.61056
2161,-63.04389
2162,-58.740376
2163,-105.51122
2164,-59.463104
2165,84.99779
2166,-35.496162
2167,53.392605
2168,49.07533
2169,80.00307
2170,93.761734
2171,-120.33714
2172,-67.92383
2173,-44.672
2174,-91.98234
2175,50.68202
2176,70.824295
2177,-24.036499
2178,79.497025
2179,78.45934
2180,60.85905
2181,60.264286
2182,53.18625
2183,45.210575
2184,62.319347
2185,85.83394
2186,80.39662
2187,-71.328
2188,74.074554
2189,64.162964
2190,66.270775
2191,77.15869
2192,60.596973
2193,68.71273
2194,-60.785595
2195,59.948544
2196,69.455284
2197,66.694435
2198,43.12536
2199,57.882027
2200,66.108635
2201,91.4684
2202,-66.557
2203,-93.384605
2204,-110.52088
2205,65.47451
2206,-116.60338
2207,67.96533
2208,-104.129456
2209,-139.45724
2210,49.642166
2211,61.271698
2212,67.17743
2213,53.738598
2214,51.772778
2215,61.925407
2216,67.8955
2217,69.674446
2218,72.923096
2219,74.87838
2220,81.370575
2221,66.899
2222,91.340805
2223,-85.653534
2224,-99.308655
2225,-82.26722
2226,-28.412743
2227,79.559875
2228,57.953506
2229,69.42259
2230,-80.860435
2231,-81.83266
2232,-73.89816
2233,-77.369446
2234,-56.94041
2235,95.07185
2236,92.11619
2237,-56.572075
2238,-54.246468
2239,-77.20673
2240,-78.39535
2241,-87.17456
2242,-51.153286
2243,-75.79694
2244,-67.84842
2245,-54.3413
2246,-110.63891
2247,-38.583763
2248,-108.06467
2249,-28.192406
2250,-56.807297
2251,-109.43571
2252,-105.671394
2253,-101.577225
2254,-81.4232
2255,-79.220955
2256,-101.70509
2257,-104.64348
2258,-98.02259
2259,-64.07243
2260,-61.55092
2261,-79.9768
2262,-51.608704
2263,-68.07716
2264,67.72691
2265,78.161385
2266,-67.9662
2267,-53.51237
2268,-67.16906
2269,-51.046124
2270,-40.119225
2271,-33.672386
2272,70.1452
2273,88.23793
2274,70.84912
2275,74.96215
2276,-29.248268
2277,-49.073074
2278,-56.218807
2279,89.170204
2280,-50.5817
2281,-49.049778
2282,-72.084145
2283,-58.29526
2284,-54.247326
2285,-53.89436
2286,-55.15637
2287,96.420685
2288,-22.273521
2289,-18.031044
2290,-26.84349
2291,73.64163
2292,77.637276
2293,91.567604
2294,-76.70322
2295,-24.514877
2296,-34.5195
2297,-41.98107
2298,-40.69146
2299,-60.074604
2300,-21.473076
2301,91.05855
2302,-15.999207
2303,-10.460915
2304,96.74497
2305,-53.809708
2306,-53.67578
2307,-28.01976
2308,-40.859753
2309,-53.32537
2310,-57.415947
2311,-68.22101
2312,-54.538857
2313,-70.68704
2314,-69.1331
2315,-67.82187
2316,55.70806
2317,39.5178
2318,-73.03128
2319,-54.82437
2320,-75.27574
2321,-90.52553
2322,-87.63344
2323,-36.862778
2324,-74.53856
2325,-93.73038
2326,-70.15927
2327,-89.87532
2328,-60.525387
2329,-81.70072
2330,-42.73012
2331,-68.9669
2332,-64.64409
2333,-61.108154
2334,-39.232143
2335,-58.61009
2336,-88.706154
2337,-69.38533
2338,-94.98401
2339,-65.05507
2340,-65.58593
2341,-87.540985
2342,-32.4898
2343,-44.802574
2344,-55.749603
2345,-141.18793
2346,64.30465
2347,-116.59674
2348,-43.522205
2349,58.972
2350,-109.910934
2351,83.47282
2352,-41.848377
2353,-70.7919
2354,-66.14593
2355,68.01172
2356,-38.636448
2357,-61.087128
2358,-53.63819
2359,-93.31743
2360,-45.30631
2361,-58.25703
2362,-48.774456
2363,-49.00698
2364,-45.047436
2365,-62.519245
2366,-83.01166
2367,12.429995
2368,-69.693436
2369,-27.30474
2370,-57.75576
2371,-65.92003
2372,-56.075848
2373,-71.066895
2374,-73.982025
2375,-76.450966
2376,-72.80826
2377,-82.28154
2378,-82.090965
2379,-86.41026
2380,-82.869835
2381,-88.34882
2382,-91.78564
2383,-94.822464
2384,-24.057652
2385,-97.854164
2386,-86.62021
2387,-79.170265
2388,-72.21522
2389,-86.05032
2390,-94.87552
2391,-78.26593
2392,-83.152504
2393,-78.428696
2394,-72.494644
2395,-71.53416
2396,-87.016594
2397,-88.729095
2398,-92.52503
2399,-96.422386
2400,-89.94276
2401,-78.11063
2402,-83.42696
2403,-80.683365
2404,-67.42684
2405,-60.609337
2406,-57.307014
2407,-61.79902
2408,-51.37825
2409,-77.536934
2410,-76.48184
2411,-81.52488
2412,45.590866
2413,51.077557
2414,-102.486496
2415,-18.791649
2416,54.93207
2417,38.14085
2418,63.952694
2419,-83.3616
2420,82.58004
2421,-45.613117
2422,43.913437
2423,-99.39092
2424,39.097275
2425,47.845394
2426,60.8259
2427,-100.40898
2428,-47.309074
2429,-65.00923
2430,-91.68471
2431,-71.71957
2432,67.72394
2433,58.27485
2434,58.80531
2435,52.142113
2436,-108.27299
2437,-88.20119
2438,-69.53966
2439,-101.82638
2440,-119.51203
2441,55.57138
2442,-75.71875
2443,-74.27074
2444,-63.22266
2445,-56.074696
2446,51.906418
2447,41.119747
2448,71.0361
2449,-69.753105
2450,-23.621803
2451,-39.985237
2452,-29.816063
2453,-76.40093
2454,-64.9933
2455,-46.803772
2456,-24.071167
2457,-62.040695
2458,-28.72129
2459,-66.27232
2460,-41.558197
2461,-39.331932
2462,-57.357292
2463,92.287796
2464,-68.3503
2465,-33.958763
2466,65.38066
2467,72.35255
2468,-48.979084
2469,-24.65892
2470,77.6786
2471,-42.941734
2472,79.70679
2473,87.821526
2474,-61.86738
2475,55.43182
2476,-61.027527
2477,-27.498642
2478,-57.33932
2479,68.25805
2480,83.88789
2481,-31.255905
2482,-9.831825
2483,-27.938873
2484,-101.4209
2485,-53.104008
2486,-37.55377
2487,-21.129143
2488,4.917885
2489,93.97813
2490,-101.0591
2491,68.36533
2492,-46.043278
2493,-93.53528
2494,-47.956036
2495,-73.193
2496,-52.132526
2497,55.78659
2498,-105.76825
2499,-134.90643
2500,-43.669094
2501,-8.396161
2502,-23.462181
2503,2.2944033
2504,-66.00575
2505,-10.852652
2506,65.98982
2507,13.614517
2508,-13.987402
2509,14.280419
2510,32.19405
2511,-22.967453
2512,46.805237
2513,14.358215
2514,55.492226
2515,67.15001
2516,36.89303
2517,39.47187
2518,-78.43965
2519,-56.75237
2520,-83.59041
2521,-67.26424
2522,-49.23637
2523,73.410164
2524,79.00685
2525,64.84623
2526,47.206806
2527,-54.377163
2528,70.76879
2529,79.93476
2530,42.418312
2531,-41.167595
2532,-30.999924
2533,-53.010235
2534,-0.41342163
2535,-6.267494
2536,-62.939182
2537,-65.80116
2538,-52.341915
2539,-24.309174
2540,93.53731
2541,58.527973
2542,-63.341644
2543,-30.704727
2544,-16.149765
2545,-25.059502
2546,-57.195255
2547,73.60968
2548,86.94863
2549,77.889366
2550,93.52137
2551,75.800835
2552,87.324875
2553,70.08514
2554,-53.62838
2555,89.55878
2556,67.42253
2557,-36.250954
2558,85.57637
2559,-55.43148
2560,-70.485245
2561,-107.67557
2562,53.03218
2563,-50.9981
2564,-20.700478
2565,-7.3540344
2566,76.54935
2567,-29.376015
2568,-26.211647
2569,98.29969
2570,57.892326
2571,66.50307
2572,72.64788
2573,94.76842
2574,90.89068
2575,-87.06662
2576,-80.86717
2577,-35.37858
2578,-45.120907
2579,-101.50166
2580,-13.530121
2581,103.39057
2582,-22.967056
2583,-37.941334
2584,-76.505295
2585,59.285263
2586,-87.912476
2587,73.64708
2588,-83.89613
2589,-41.118145
2590,-26.471306
2591,-44.211594
2592,-29.075752
2593,113.809814
2594,-44.1032
2595,-25.594704
2596,-3.5685196
2597,-30.0934
2598,75.20292
2599,27.704563
2600,-66.34331
2601,38.334198
2602,-31.897438
2603,-41.870388
2604,-113.81941
2605,-46.32297
2606,-54.542698
2607,-50.227665
2608,-58.88401
2609,-31.685173
2610,-34.451782
2611,-11.283279
2612,-8.676842
2613,96.55819
2614,-5.25132
2615,-80.517296
2616,-81.86466
2617,-58.05395
2618,-44.81346
2619,-61.09383
2620,-58.575226
2621,-57.290565
2622,-45.337307
2623,-88.76209
2624,-110.0602
2625,-91.55305
2626,-6.3794403
2627,108.42618
2628,-79.69443
2629,115.71185
2630,114.02911
2631,-90.34177
2632,-71.276474
2633,-58.074657
2634,-56.390724
2635,87.71676
2636,20.086496
2637,-4.095744
2638,-0.28680062
2639,38.50685
2640,54.359634
2641,95.44082
2642,-16.144539
2643,-38.168472
2644,-90.5808
2645,-80.360985
2646,-41.658676
2647,-43.775524
2648,-50.696915
2649,-46.52545
2650,-15.11644
2651,97.105675
2652,4.8345413
2653,107.2504
2654,-32.65576
2655,-35.22532
2656,-65.56691
2657,-51.75292
2658,-70.154594
2659,-56.37278
2660,-47.327316
2661,-75.00799
2662,-87.05684
2663,-66.91997
2664,-23.244377
2665,-54.113052
2666,-65.97133
2667,-68.75939
2668,-15.362907
2669,106.841034
2670,116.81279
2671,-53.607018
2672,-54.97775
2673,-91.40493
2674,-40.535347
2675,-69.58888
2676,-77.899
2677,-74.400475
2678,-56.37123
2679,-78.56637
2680,87.806404
2681,89.711845
2682,70.9467
2683,-6.0590363
2684,-83.221016
2685,-75.70355
2686,-70.83232
2687,84.85818
2688,-51.59753
2689,97.359
2690,-56.779842
2691,-81.000916
2692,-86.236206
2693,-71.39964
2694,90.08075
2695,8.842682
2696,-43.12905
2697,-41.533825
2698,-126.503555
2699,-133.74066
2700,-33.068848
2701,-122.854294
2702,-71.86017
2703,-13.278801
2704,-60.251804
2705,96.17096
2706,-39.708313
2707,-67.785385
2708,-65.81784
2709,-125.718414
2710,-85.009735
2711,-71.055565
2712,-15.924377
2713,-40.509502
2714,-35.427353
2715,-20.232704
2716,-74.011604
2717,-76.0686
2718,-43.370068
2719,-54.577015
2720,-128.21902
2721,60.192604
2722,-125.50238
2723,-123.61476
2724,-25.735016
2725,-89.50874
2726,-48.541786
2727,-94.96324
2728,-120.25836
2729,-124.82478
2730,90.57859
2731,52.65226
2732,-36.924263
2733,-74.089
2734,-67.24214
2735,-57.373062
2736,-6.1102905
2737,-10.491974
2738,-4.356018
2739,-11.884575
2740,-3.95253
2741,103.34144
2742,96.28593
2743,99.72233
2744,106.671036
2745,-68.29583
2746,-84.12057
2747,-70.97766
2748,-29.50299
2749,-119.54309
2750,-11.152267
2751,-105.21857
2752,-114.759125
2753,-115.628296
2754,-35.472855
2755,-118.44416
2756,103.63837
2757,101.12092
2758,112.13669
2759,-22.663147
2760,19.291061
2761,-34.040993
2762,-17.13028
2763,102.79212
2764,-89.06026
2765,-93.83746
2766,-96.97534
2767,-90.5462
2768,-48.939587
2769,-56.19303
2770,-14.577919
2771,-51.54799
2772,-35.34607
2773,-56.157734
2774,-4.2873306
2775,-10.758751
2776,-31.744629
2777,123.67219
2778,-84.81823
2779,-54.65876
2780,-27.449966
2781,0.0525589
2782,98.592834
2783,103.221954
2784,107.67103
2785,109.24238
2786,-41.695793
2787,-85.36236
2788,-82.19708
2789,-89.408516
2790,113.046486
2791,-39.01907
2792,127.45041
2793,-84.50937
2794,113.06258
2795,116.46675
2796,-19.51944
2797,-1.5531235
2798,-66.83596
2799,-61.165245
2800,-31.454758
2801,-57.78053
2802,1.7080231
2803,-84.92429
2804,-125.95715
2805,-126.608284
2806,-127.89573
2807,-126.46985
2808,60.352337
2809,80.87963
2810,-12.663483
2811,-42.934772
2812,-95.56835
2813,-119.0609
2814,-122.180016
2815,-136.12994
2816,-133.13469
2817,-135.6575
2818,-134.95924
2819,-110.90869
2820,-112.57788
2821,-112.04775
2822,-136.27756
2823,-114.096954
2824,-74.48033
2825,-54.10374
2826,104.62648
2827,-111.298996
2828,-110.4815
2829,-107.044395
2830,-115.13153
2831,-106.34292
2832,-109.78666
2833,-79.91583
2834,-80.74989
2835,-96.89015
2836,-36.773193
2837,-39.367153
2838,-35.89158
2839,71.01346
2840,77.186386
2841,-58.745018
2842,-83.38191
2843,-80.54392
2844,-89.79519
2845,-64.53696
2846,-85.282326
2847,-16.113861
2848,111.3338
2849,110.76226
2850,-15.729309
2851,-106.97569
2852,-107.1938
2853,-107.73259
2854,-107.11981
2855,-106.8319
2856,-60.40497
2857,-18.102951
2858,-80.47215
2859,-92.49801
2860,-79.6369
2861,-115.93283
2862,-118.92729
2863,-111.86698
2864,-81.14166
2865,-61.838566
2866,-60.40538
2867,-100.59918
2868,-99.47972
2869,-34.056137
2870,-54.94545
2871,-126.27359
2872,-55.87222
2873,-115.887505
2874,101.77978
2875,-21.572784
2876,-68.31102
2877,-83.55176
2878,-63.958447
2879,-93.83282
2880,-90.91523
2881,-96.17872
2882,-54.7386
2883,-94.750206
2884,-101.626205
2885,-100.58508
2886,-98.205605
2887,-79.968124
2888,-100.14857
2889,-103.343346
2890,-100.657486
2891,-73.305435
2892,-82.151764
2893,-97.53324
2894,-46.156723
2895,-22.283958
2896,64.69196
2897,-43.40824
2898,-46.261215
2899,-54.48747
2900,-98.821365
2901,-100.27798
2902,-98.78015
2903,-100.80551
2904,-91.13035
2905,-99.17954
2906,-102.312096
2907,-130.73369
2908,-124.64163
2909,-131.03445
2910,-46.751045
2911,-54.288593
2912,-97.13039
2913,-99.04869
2914,-98.79807
2915,-101.51637
2916,-102.008415
2917,-102.59909
2918,-92.09736
2919,-90.124535
2920,-96.51356
2921,-103.92807
2922,-99.70308
2923,-94.61461
2924,-93.751366
2925,-99.73004
2926,-99.625435
2927,-99.866196
2928,-97.31943
2929,-98.279175
2930,-100.101234
2931,-102.68988
2932,-126.4382
2933,-103.92878
2934,-101.63574
2935,-79.46478
2936,-77.86742
2937,-94.93761
2938,-117.716835
2939,-38.460896
2940,-68.58084
2941,-49.41678
2942,57.15576
2943,-82.46689
2944,-84.56515
2945,-46.350094
2946,-79.90149
2947,-128.36134
2948,-129.73375
2949,-126.81441
2950,-119.56212
2951,-121.77175
2952,-124.14868
2953,-96.49493
2954,-97.66783
2955,-98.39644
2956,-90.06871
2957,-83.1645
2958,-119.32717
2959,-122.99872
2960,-100.396454
2961,-124.85147
2962,-121.12787
2963,-124.197014
2964,-118.85667
2965,-103.32874
2966,-97.6205
2967,-119.24127
2968,-107.72815
2969,-109.464264
2970,-106.57
2971,-116.85676
2972,-84.59463
2973,-85.8933
2974,-95.171974
2975,-89.80908
2976,-97.26343
2977,-45.481125
2978,-48.90301
2979,-45.72713
2980,12.6214
2981,-94.343124
2982,-83.40755
2983,-146.1941
2984,-152.64668
2985,-139.21472
2986,-103.147026
2987,-104.89419
2988,-38.313362
2989,-101.42703
2990,77.25572
2991,-47.213882
2992,-65.70763
2993,-73.36597
2994,-79.66616
2995,-84.25049
2996,-73.000336
2997,-38.38925
2998,-25.610619
2999,-65.620636
