,"Algo generation: 2, gene: (500, 1)"
0,-109.28421
1,-112.758354
2,-113.00935
3,-30.595667
4,-115.70831
5,-114.43829
6,-115.09734
7,-37.695045
8,-104.313354
9,-32.619774
10,-106.424995
11,-21.351635
12,-109.70694
13,-24.78284
14,-105.65679
15,-105.1011
16,-104.940926
17,-104.22859
18,-37.085926
19,-20.757652
20,-21.354803
21,-31.599945
22,-27.111412
23,-20.797165
24,-25.829105
25,-23.706673
26,-20.431074
27,-20.982388
28,-27.960464
29,-29.778614
30,-21.043894
31,-16.564438
32,-115.87233
33,-26.542324
34,-101.54001
35,-22.070206
36,-22.840988
37,-22.581345
38,-26.561495
39,-106.56999
40,-29.711483
41,-117.08814
42,-103.57333
43,-103.37783
44,-21.13918
45,-109.17259
46,-29.541216
47,-28.737925
48,-111.377174
49,-105.19031
50,-27.715527
51,-102.79587
52,-29.699305
53,-32.115707
54,-103.43623
55,-107.80774
56,-106.360214
57,-104.36666
58,-108.95123
59,-100.68021
60,-101.00818
61,-106.104836
62,-29.062931
63,-105.3752
64,-117.25377
65,-96.88506
66,-102.484604
67,-102.3114
68,-113.93173
69,-103.46159
70,-104.48353
71,-101.95906
72,-113.35469
73,-100.77772
74,-19.494694
75,-99.45239
76,-106.20782
77,-26.239431
78,-104.53847
79,-107.9111
80,-96.02623
81,-108.954865
82,-124.848595
83,-101.142876
84,-103.09475
85,-102.56797
86,-104.29222
87,-102.61553
88,-23.70672
89,-108.47636
90,-110.40649
91,-106.69411
92,-101.843056
93,-107.786095
94,-102.02829
95,-118.346725
96,-104.49696
97,-100.65027
98,-100.2019
99,-102.660995
100,-100.17049
101,-111.614365
102,-108.27704
103,-123.24694
104,-102.277245
105,-101.2043
106,-34.137676
107,-108.11208
108,-100.438416
109,-98.378586
110,-99.326096
111,-103.07188
112,-121.30179
113,-18.18127
114,-112.53495
115,-99.880325
116,-103.82385
117,-22.6377
118,-102.55015
119,-105.15819
120,-103.266716
121,-109.70709
122,-126.74501
123,-106.85931
124,-100.73675
125,-99.95813
126,-108.30109
127,-109.25777
128,-98.58137
129,-100.605835
130,-110.64179
131,-107.80742
132,-100.92977
133,-102.86283
134,-104.6419
135,-106.266525
136,-102.819466
137,-21.89232
138,-101.31655
139,-105.3649
140,-101.35408
141,-98.72394
142,-41.46374
143,-102.64612
144,-102.693756
145,-101.065475
146,-100.04691
147,-17.362751
148,-106.747086
149,-100.23105
150,-28.3654
151,-102.7771
152,-106.00244
153,-99.75342
154,-99.94083
155,-25.028812
156,-22.821949
157,-20.975134
158,-99.875244
159,-103.22121
160,-103.18311
161,-26.666168
162,-114.53505
163,-102.89164
164,-100.569374
165,-101.76123
166,-106.97215
167,-31.27717
168,-105.3207
169,-100.38807
170,-27.61199
171,-101.38254
172,-101.81783
173,-102.70907
174,-117.91823
175,-110.98799
176,-27.146658
177,-23.187601
178,-103.840355
179,-133.6545
180,-121.833275
181,-99.73062
182,-98.691124
183,-30.384241
184,-103.9284
185,-100.206764
186,-102.91365
187,-99.52508
188,-20.172224
189,-114.24671
190,-105.341095
191,-103.772705
192,-109.26145
193,-104.337814
194,-99.86818
195,-103.9434
196,-105.1149
197,-100.51812
198,-103.120995
199,-102.585
200,-101.11776
201,-104.2029
202,-106.471794
203,-102.01422
204,-103.034485
205,-105.988556
206,-25.862572
207,-100.28303
208,-105.331894
209,-22.13206
210,-106.41609
211,-23.845743
212,-123.833206
213,-98.788025
214,-100.31705
215,-19.698618
216,-103.23469
217,-99.21021
218,-101.255486
219,-105.16284
220,-103.150894
221,-103.061104
222,-100.77225
223,-98.68488
224,-101.390015
225,-100.91697
226,-98.89281
227,-104.94568
228,-108.20126
229,-95.97663
230,-101.689644
231,-99.34674
232,-100.75913
233,-101.59695
234,-102.096535
235,-101.16987
236,-101.48644
237,-97.785446
238,-99.905556
239,-99.62925
240,-99.82548
241,-101.78162
242,-101.27702
243,-100.55802
244,-99.8105
245,-96.8263
246,-97.829666
247,-97.29883
248,-102.014755
249,-103.394226
250,-97.85935
251,-100.83752
252,-100.52545
253,-99.33842
254,-24.949541
255,-102.03209
256,-103.11698
257,-103.20114
258,-100.07683
259,-98.02682
260,-116.48932
261,-98.8009
262,-98.31812
263,-97.76753
264,-94.61884
265,-98.0643
266,-98.330414
267,-97.16095
268,-96.90952
269,-99.92934
270,-100.667885
271,-99.04379
272,-97.64429
273,-96.84863
274,-100.609566
275,-101.14659
276,-100.19806
277,-101.83675
278,-98.47197
279,-99.15869
280,-101.23678
281,-96.63473
282,-96.12998
283,-98.238464
284,-30.419048
285,-97.89638
286,-96.25119
287,-100.01389
288,-112.80691
289,-99.24508
290,-102.39335
291,-100.466354
292,-102.530014
293,-103.4699
294,-103.23642
295,-102.41265
296,-104.55092
297,-102.931274
298,-99.180786
299,-96.43061
300,-97.87162
301,-97.281456
302,-99.177185
303,-96.94864
304,-99.24339
305,-108.53491
306,-103.29576
307,-100.86785
308,-107.19039
309,-103.16976
310,-107.52695
311,-104.2124
312,-99.94022
313,-101.81712
314,-102.140785
315,-104.42128
316,-103.295105
317,-98.706764
318,-98.11581
319,-103.070656
320,-97.40556
321,-100.24511
322,-100.63686
323,-101.812386
324,-100.50501
325,-104.0214
326,-14.003149
327,-101.68836
328,-101.89324
329,-100.30268
330,-98.65202
331,-102.903564
332,-104.069916
333,-102.99122
334,-101.2043
335,-104.00786
336,-105.696106
337,-98.77906
338,-110.83837
339,-107.16691
340,-109.15564
341,-117.79131
342,-107.39574
343,-115.37768
344,-116.389786
345,-106.76863
346,-103.086815
347,-105.89501
348,-100.26674
349,-138.17314
350,-130.77661
351,-12.444697
352,-114.008156
353,-102.19896
354,-102.59926
355,-99.61999
356,-102.670685
357,-103.30212
358,-104.93278
359,-102.27779
360,-103.41673
361,-103.11481
362,-104.38485
363,-102.41358
364,-101.70579
365,-107.00778
366,-97.5976
367,-105.35828
368,-105.12052
369,-104.56162
370,-103.69914
371,-106.894554
372,-107.57762
373,-103.28413
374,-102.37283
375,-106.85223
376,-104.19885
377,-105.244125
378,-104.939255
379,-103.07386
380,-104.53522
381,-104.967865
382,-104.32075
383,-103.6653
384,-109.93346
385,-100.96662
386,-108.536255
387,-100.205086
388,-104.953705
389,-104.21429
390,-103.34356
391,-103.61259
392,-96.91982
393,-107.40589
394,-108.693474
395,-106.41209
396,-100.22869
397,-102.871
398,-101.9703
399,-100.73014
400,-102.75292
401,-112.91417
402,-94.31613
403,-108.48448
404,-104.74289
405,-106.84039
406,-106.55159
407,-109.62928
408,-108.60876
409,-103.94793
410,-103.178185
411,-109.73016
412,-97.65935
413,-106.80773
414,-109.96058
415,-103.62527
416,-105.23513
417,-103.39139
418,-105.36552
419,-104.475494
420,-103.45016
421,-105.51819
422,-105.90458
423,-101.446365
424,-97.82761
425,-102.02557
426,-104.807495
427,-114.93473
428,-101.324005
429,-101.16763
430,-100.86296
431,-100.877556
432,-102.300316
433,-102.72073
434,-100.89891
435,-101.57349
436,-100.444336
437,-106.23898
438,-100.455894
439,-102.08655
440,-102.67423
441,-103.00568
442,-100.30458
443,-98.09361
444,-101.35712
445,-106.039375
446,-100.822296
447,-101.57538
448,-98.10656
449,-96.9445
450,-101.394936
451,-98.06046
452,-101.97291
453,-99.96576
454,-99.579636
455,-102.07175
456,-99.483284
457,-100.33112
458,-103.29581
459,-99.98488
460,-101.4157
461,-100.388176
462,-100.82648
463,-103.67316
464,-104.962326
465,-112.604546
466,-112.20196
467,-101.617195
468,-100.27514
469,-98.374374
470,15.422594
471,25.108662
472,-104.92152
473,-93.85165
474,-101.02473
475,-99.99923
476,-97.047516
477,-100.52906
478,-102.666245
479,-100.886955
480,-102.53765
481,-102.8422
482,-104.55267
483,-101.53762
484,-99.050606
485,-104.3512
486,-105.60734
487,-99.66769
488,-104.28931
489,-104.88548
490,-100.22142
491,-100.77567
492,-97.920616
493,-94.9503
494,-98.998116
495,-101.47792
496,-103.588844
497,-104.64516
498,-99.084404
499,-97.40342
500,-97.01108
501,-74.01578
502,-102.96227
503,-101.87553
504,-97.75881
505,-98.116554
506,-100.05921
507,-102.07351
508,-100.208115
509,-95.34403
510,-94.95423
511,-94.90401
512,-97.57387
513,-100.91903
514,-101.88766
515,-102.349464
516,-101.58077
517,-103.15715
518,-103.413216
519,-102.95371
520,-102.30868
521,-105.96591
522,-105.40252
523,-101.39748
524,-103.33525
525,-102.94647
526,-101.09519
527,-107.60739
528,-101.699776
529,-107.23484
530,-99.92309
531,-101.50752
532,-100.30876
533,-98.92853
534,-105.17424
535,-105.96498
536,-105.01687
537,-98.419685
538,-109.76338
539,-99.60915
540,-97.54991
541,-97.6512
542,-103.09212
543,-102.16519
544,-99.978775
545,-97.03351
546,-96.110695
547,-96.11093
548,-99.086624
549,-102.79148
550,-97.54586
551,-101.19768
552,-105.33986
553,-102.27113
554,-103.875885
555,-102.958305
556,-102.03062
557,-98.01019
558,-97.76056
559,-79.08783
560,-102.359695
561,-100.553795
562,-93.80506
563,-96.44053
564,-97.1827
565,-98.43356
566,-100.27064
567,-98.67977
568,-101.27183
569,-100.0398
570,-101.17733
571,-99.03367
572,-94.106544
573,-98.439804
574,-131.21484
575,-129.65845
576,-96.732216
577,-101.801254
578,-105.18891
579,-103.5157
580,-103.21016
581,-101.74434
582,-93.88128
583,-98.50923
584,-100.15246
585,-98.654175
586,-95.8642
587,-97.655304
588,-99.0588
589,-101.32984
590,-99.92483
591,-14.972628
592,-101.341866
593,-100.95972
594,-103.56132
595,-104.39528
596,-98.23957
597,-99.323364
598,-100.46817
599,-99.67692
600,-100.60813
601,-100.35905
602,-101.3906
603,-102.5265
604,-101.702896
605,-100.558395
606,-106.59508
607,-103.76524
608,-103.287704
609,-104.5802
610,-103.46833
611,-102.89811
612,-100.62113
613,-102.95916
614,-103.957954
615,-101.87423
616,-106.28979
617,-110.82912
618,-111.576004
619,-105.626076
620,-104.94947
621,-108.89565
622,-107.58577
623,-107.886375
624,-99.67528
625,-104.27134
626,-102.01373
627,-95.788025
628,-97.49765
629,-98.5682
630,-98.060616
631,-100.924225
632,-98.623
633,-108.86592
634,-110.43733
635,-108.79645
636,-100.80778
637,-103.39311
638,-94.17665
639,-70.81576
640,-79.53487
641,-103.1757
642,-108.1606
643,-109.682335
644,-131.52798
645,-101.58808
646,-104.29184
647,-101.1414
648,-105.67823
649,-96.35795
650,-95.07713
651,-88.496315
652,-102.79682
653,-101.6129
654,-109.7303
655,-99.33106
656,-99.26477
657,-96.48638
658,-94.720276
659,-92.412155
660,-91.243935
661,20.128592
662,-117.45708
663,-87.95759
664,-70.56253
665,-92.18538
666,-83.566864
667,34.48536
668,24.287457
669,-106.36157
670,41.83724
671,-97.95503
672,-92.49892
673,-84.20219
674,-93.93092
675,-81.004395
676,-89.45593
677,-15.414731
678,-23.676357
679,-103.07623
680,-26.871918
681,-99.13225
682,-100.52905
683,-92.88354
684,-23.558455
685,-29.847649
686,-32.304985
687,-21.109098
688,26.326153
689,-71.652435
690,-82.71739
691,-81.823456
692,-91.91204
693,12.385646
694,-102.31734
695,-100.85664
696,-91.05859
697,-91.811226
698,-93.886665
699,-92.56562
700,10.998179
701,18.99484
702,-92.926155
703,-97.23012
704,-95.76354
705,-95.4979
706,-99.10291
707,-95.618576
708,-85.663635
709,-75.1705
710,28.759878
711,-15.260897
712,-11.61611
713,45.798378
714,-57.63968
715,-73.95853
716,-71.025955
717,-82.13557
718,-73.602844
719,-69.1978
720,-90.66592
721,-72.40063
722,-86.87115
723,-86.85879
724,24.002853
725,24.672754
726,-73.45021
727,-64.95061
728,-92.831604
729,-83.3907
730,-79.45829
731,4.303133
732,8.857547
733,36.63451
734,-70.44821
735,-91.44707
736,-85.79464
737,27.425758
738,24.279547
739,14.162448
740,6.4812007
741,8.999529
742,19.570292
743,40.072865
744,32.650627
745,7.6420774
746,-8.127067
747,19.927723
748,-78.47836
749,29.761152
750,7.4053893
751,-93.14894
752,42.618603
753,-84.56095
754,-63.170273
755,-86.52261
756,60.334377
757,-62.78806
758,32.248974
759,13.899823
760,13.3825245
761,25.784452
762,38.56308
763,48.50957
764,16.989632
765,15.946251
766,34.72126
767,51.738804
768,35.762638
769,19.95541
770,36.370636
771,-63.66742
772,56.346924
773,53.204548
774,42.81004
775,36.41894
776,-95.112305
777,-129.97641
778,-79.71704
779,-99.29608
780,-134.1019
781,-85.43125
782,-70.34475
783,60.047874
784,63.402966
785,26.179728
786,21.833103
787,-75.96994
788,-96.78698
789,-87.31152
790,-86.32263
791,28.891907
792,-88.55859
793,-106.57115
794,-94.11382
795,-95.44669
796,36.92308
797,28.972965
798,45.25917
799,53.959866
800,57.034557
801,-64.1142
802,36.959614
803,34.431488
804,39.46808
805,-97.87136
806,-32.175037
807,-92.68689
808,44.848095
809,33.012596
810,15.05643
811,27.29836
812,52.079605
813,-57.0386
814,-79.59954
815,41.940044
816,42.60364
817,40.115505
818,43.881893
819,39.16432
820,21.09653
821,33.559315
822,45.615192
823,14.915895
824,15.337911
825,-84.81901
826,22.376268
827,27.386175
828,41.09713
829,25.362556
830,25.872965
831,29.816319
832,55.388443
833,47.679123
834,40.49819
835,-89.4505
836,-97.631256
837,-77.84053
838,-69.72158
839,30.927212
840,13.9373865
841,16.19685
842,35.33236
843,-56.199814
844,-47.693634
845,36.757935
846,6.9143662
847,-7.2332597
848,1.7564378
849,21.31318
850,41.756264
851,47.867004
852,42.153606
853,38.944046
854,33.932823
855,32.879734
856,42.414303
857,40.27457
858,47.27589
859,-63.425888
860,36.04526
861,37.828968
862,49.886703
863,39.32454
864,4.144283
865,-15.0490675
866,-12.242455
867,19.605099
868,37.3269
869,-72.01915
870,45.607807
871,32.46387
872,29.262188
873,-66.912735
874,45.29538
875,38.295452
876,41.303406
877,22.612938
878,26.964716
879,26.560797
880,43.56511
881,54.573692
882,-84.86564
883,52.87069
884,59.915745
885,56.227657
886,51.734436
887,37.483257
888,30.693598
889,42.149734
890,23.935738
891,57.960007
892,47.923355
893,37.65029
894,37.626522
895,30.531874
896,45.9855
897,49.48674
898,40.799576
899,35.43306
900,48.03079
901,42.846283
902,49.220226
903,30.280039
904,-65.3349
905,61.638817
906,67.074356
907,46.511898
908,30.996965
909,27.301538
910,28.424408
911,47.890884
912,61.1889
913,57.66473
914,56.727615
915,40.23681
916,18.194372
917,16.869755
918,-120.577324
919,-122.2567
920,36.83746
921,29.888863
922,8.106184
923,-98.05851
924,41.07482
925,55.187016
926,29.225933
927,37.04645
928,32.506374
929,55.322124
930,56.24986
931,39.329582
932,53.93292
933,49.64444
934,28.707619
935,34.9042
936,55.500782
937,63.20616
938,64.37144
939,52.104458
940,46.47847
941,32.153408
942,35.417805
943,34.702408
944,47.645535
945,28.632841
946,-60.86096
947,34.421154
948,55.910664
949,41.68256
950,45.964172
951,42.674366
952,59.906784
953,58.56129
954,45.397717
955,30.996841
956,20.299448
957,51.802258
958,57.401855
959,49.154114
960,31.000347
961,22.768467
962,28.649982
963,36.031055
964,-117.71448
965,-116.11528
966,-117.88594
967,-121.73352
968,51.929523
969,38.670296
970,-127.84883
971,-119.934074
972,55.48753
973,-137.7378
974,-137.98892
975,26.210777
976,75.277725
977,-122.79146
978,-148.4721
979,-117.83342
980,-105.78642
981,40.651173
982,46.514584
983,47.946266
984,48.712513
985,8.325986
986,-102.25553
987,-100.521515
988,26.991465
989,44.535225
990,46.67701
991,53.074375
992,49.756405
993,-100.70899
994,40.273735
995,27.06284
996,-3.9797447
997,6.6756377
998,20.254307
999,48.124477
1000,57.064117
1001,63.37626
1002,60.162495
1003,57.51068
1004,65.62831
1005,47.792778
1006,53.213566
1007,50.202576
1008,51.138577
1009,37.982018
1010,47.137486
1011,35.661312
1012,47.814465
1013,41.760284
1014,45.5021
1015,-102.41679
1016,-75.07499
1017,-6.39653
1018,47.51027
1019,31.470695
1020,16.667336
1021,28.149866
1022,50.730904
1023,-76.45346
1024,-88.83527
1025,-94.065
1026,-65.47907
1027,64.74633
1028,48.39231
1029,36.358658
1030,44.882095
1031,56.34996
1032,67.22263
1033,50.0692
1034,-20.229332
1035,57.841286
1036,53.200348
1037,41.304333
1038,43.436516
1039,52.84161
1040,58.567905
1041,64.15602
1042,62.538174
1043,60.688137
1044,66.813156
1045,66.285484
1046,57.397816
1047,62.350002
1048,50.93958
1049,53.056755
1050,53.143955
1051,60.02061
1052,69.86518
1053,-84.696465
1054,71.16133
1055,58.830692
1056,47.93979
1057,59.185314
1058,61.877254
1059,57.648735
1060,48.712315
1061,44.174095
1062,40.079563
1063,49.633076
1064,41.91325
1065,52.80402
1066,59.786957
1067,59.029556
1068,-72.09602
1069,47.05316
1070,64.98818
1071,53.416718
1072,-9.149815
1073,34.532997
1074,-19.95087
1075,32.57345
1076,6.582023
1077,31.758425
1078,48.14154
1079,43.71226
1080,49.828598
1081,54.76482
1082,55.56359
1083,51.798927
1084,48.76825
1085,-88.964294
1086,-112.335464
1087,31.750648
1088,-119.145935
1089,-110.39601
1090,45.58772
1091,-117.33955
1092,39.787094
1093,-132.52141
1094,-130.5251
1095,-113.950516
1096,45.60545
1097,38.01336
1098,-41.170807
1099,-89.51209
1100,50.690777
1101,18.09018
1102,35.13109
1103,42.90896
1104,55.112915
1105,-83.31949
1106,68.45933
1107,59.305298
1108,59.1708
1109,52.243084
1110,49.613247
1111,51.479126
1112,66.83733
1113,64.29208
1114,65.20929
1115,-48.496746
1116,63.64732
1117,-109.831505
1118,-90.88521
1119,-86.562706
1120,-88.97605
1121,-124.12221
1122,-60.64308
1123,-140.9683
1124,-112.00412
1125,7.6703014
1126,-103.249825
1127,-87.71475
1128,-131.02023
1129,-104.83668
1130,-118.90473
1131,-112.9555
1132,-128.56447
1133,-94.4241
1134,-7.3457775
1135,-123.78358
1136,-105.10681
1137,8.787138
1138,-132.78334
1139,-123.23628
1140,32.327183
1141,42.89995
1142,53.608746
1143,52.1506
1144,62.67698
1145,-112.3822
1146,-110.388435
1147,-109.36678
1148,-114.717735
1149,-116.39122
1150,-26.832333
1151,46.929634
1152,-104.04612
1153,-109.834305
1154,-107.520065
1155,-114.12247
1156,48.834927
1157,-111.22051
1158,-121.02685
1159,-113.5675
1160,-123.293396
1161,51.207752
1162,53.914974
1163,50.91684
1164,52.08124
1165,54.29252
1166,35.45471
1167,62.01153
1168,53.119934
1169,36.59633
1170,50.333755
1171,62.612915
1172,59.387417
1173,55.319702
1174,44.17938
1175,46.040703
1176,33.844616
1177,-113.21466
1178,39.78099
1179,66.517006
1180,60.004192
1181,-70.94263
1182,-81.166306
1183,-80.51822
1184,-99.10233
1185,-127.89524
1186,12.200513
1187,-114.37547
1188,-120.59447
1189,-131.49232
1190,-135.25209
1191,-105.44922
1192,-103.366905
1193,-107.227196
1194,-104.957535
1195,54.930367
1196,48.342457
1197,41.496986
1198,48.577892
1199,-101.664154
1200,-98.95691
1201,61.92019
1202,38.489197
1203,55.762024
1204,62.09425
1205,46.34046
1206,49.452415
1207,41.453445
1208,38.083332
1209,48.431732
1210,40.992916
1211,67.36053
1212,60.48772
1213,57.57799
1214,52.435844
1215,59.494225
1216,64.77385
1217,61.932163
1218,57.18695
1219,64.55484
1220,58.469494
1221,53.092075
1222,43.41177
1223,4.191694
1224,-0.9040018
1225,-96.13592
1226,25.288652
1227,47.227398
1228,-103.5331
1229,40.32307
1230,11.130565
1231,-0.58076704
1232,-0.7264885
1233,26.88396
1234,67.99503
1235,47.03055
1236,31.378557
1237,64.39941
1238,-122.0435
1239,41.25802
1240,36.369415
1241,-69.215515
1242,-5.361368
1243,59.54211
1244,44.23253
1245,-22.07499
1246,28.407946
1247,51.586563
1248,34.23252
1249,31.601793
1250,-108.258125
1251,-119.117096
1252,-125.83841
1253,51.81111
1254,-113.56823
1255,61.75684
1256,40.953724
1257,-123.05605
1258,-6.964259
1259,-90.58504
1260,62.778126
1261,69.32381
1262,69.42823
1263,47.06149
1264,33.736267
1265,34.215977
1266,16.464676
1267,-86.68494
1268,-8.599522
1269,-112.61607
1270,-0.20558411
1271,19.559036
1272,34.18087
1273,52.593555
1274,20.214678
1275,58.15989
1276,40.203007
1277,60.96333
1278,-114.62028
1279,57.642612
1280,55.19385
1281,44.746643
1282,45.091797
1283,-76.63721
1284,-89.940285
1285,57.875072
1286,54.077053
1287,60.547012
1288,55.65368
1289,67.969284
1290,64.325745
1291,43.56991
1292,54.529716
1293,75.185295
1294,76.30438
1295,-118.463615
1296,63.23935
1297,61.10592
1298,66.30189
1299,60.546314
1300,55.09954
1301,54.650642
1302,60.153618
1303,66.93451
1304,8.020304
1305,23.673294
1306,7.082696
1307,44.08431
1308,29.733671
1309,38.579987
1310,24.685421
1311,56.35447
1312,-100.22916
1313,-104.25848
1314,66.30393
1315,50.02112
1316,42.656933
1317,20.540228
1318,62.7279
1319,56.268593
1320,51.380928
1321,57.0494
1322,58.80285
1323,53.92753
1324,68.01857
1325,63.364006
1326,65.65894
1327,69.11797
1328,39.002735
1329,48.412376
1330,-6.249216
1331,38.7724
1332,49.09979
1333,67.78919
1334,66.12225
1335,55.464024
1336,68.98543
1337,-120.23885
1338,58.95898
1339,-85.70402
1340,30.564083
1341,-129.56184
1342,52.743713
1343,56.087944
1344,58.66842
1345,55.514317
1346,55.929787
1347,63.130013
1348,44.638603
1349,58.539024
1350,56.282402
1351,55.677837
1352,32.37956
1353,51.413517
1354,49.7788
1355,43.97987
1356,53.431503
1357,64.31963
1358,59.658005
1359,72.151665
1360,63.878098
1361,60.244083
1362,42.13891
1363,63.146194
1364,56.938976
1365,68.13573
1366,53.95773
1367,52.04457
1368,44.318295
1369,57.383575
1370,47.679783
1371,38.948597
1372,39.161648
1373,48.888012
1374,27.12096
1375,9.155568
1376,32.1087
1377,35.901764
1378,44.050114
1379,34.017315
1380,35.569065
1381,29.225197
1382,-101.682175
1383,-137.03302
1384,42.94628
1385,53.702408
1386,43.884525
1387,-112.71648
1388,42.93419
1389,37.293392
1390,22.798452
1391,-56.12684
1392,-108.110115
1393,-65.89098
1394,42.451576
1395,49.303875
1396,47.86188
1397,58.751934
1398,60.582077
1399,67.84271
1400,80.096
1401,56.55876
1402,54.13911
1403,57.739117
1404,49.857567
1405,48.596176
1406,64.212
1407,60.271503
1408,77.21007
1409,72.21816
1410,57.36269
1411,53.347385
1412,71.40212
1413,68.29522
1414,62.179966
1415,74.44654
1416,69.36304
1417,33.314682
1418,67.665215
1419,-90.073074
1420,54.71426
1421,71.140335
1422,49.1983
1423,64.77074
1424,64.69482
1425,64.8359
1426,70.567535
1427,80.66944
1428,-69.56825
1429,81.1214
1430,77.37175
1431,71.918526
1432,70.67728
1433,72.51042
1434,74.15369
1435,58.46965
1436,47.634277
1437,55.38775
1438,67.37727
1439,33.260174
1440,71.462204
1441,54.439484
1442,66.91185
1443,52.297356
1444,70.12281
1445,1.1857711
1446,3.818603
1447,-98.980316
1448,-87.58854
1449,70.55125
1450,67.43545
1451,-97.65511
1452,43.29447
1453,66.54765
1454,66.87169
1455,49.51405
1456,70.71862
1457,53.59261
1458,69.07706
1459,56.669804
1460,63.925365
1461,42.116295
1462,50.78347
1463,-113.757065
1464,-56.332584
1465,51.57618
1466,70.56973
1467,62.394295
1468,74.85846
1469,70.02738
1470,66.689476
1471,59.89045
1472,72.11709
1473,70.13958
1474,65.664314
1475,65.113014
1476,74.323746
1477,62.61926
1478,74.275085
1479,-114.12225
1480,48.625977
1481,53.884636
1482,37.168365
1483,66.99023
1484,59.819
1485,70.25952
1486,59.30072
1487,77.3685
1488,37.21242
1489,23.740799
1490,13.516583
1491,46.78841
1492,64.70004
1493,-66.729195
1494,61.415848
1495,76.82625
1496,76.49215
1497,57.43508
1498,63.34017
1499,53.729443
1500,80.52306
1501,76.33128
1502,59.16352
1503,70.0935
1504,80.63483
1505,86.127235
1506,80.334305
1507,52.553074
1508,82.0721
1509,53.58599
1510,69.72219
1511,77.21969
1512,74.57363
1513,-75.22665
1514,78.576744
1515,75.99293
1516,70.27318
1517,57.79142
1518,-71.65496
1519,-112.611595
1520,-120.82329
1521,-128.90417
1522,-128.28372
1523,-135.39163
1524,-134.04099
1525,-131.3683
1526,-137.88174
1527,-20.273384
1528,6.6918335
1529,-133.36374
1530,15.267088
1531,-35.03202
1532,-11.869813
1533,-40.192287
1534,-38.27396
1535,-37.99637
1536,-40.854927
1537,-32.809616
1538,63.028267
1539,-20.701899
1540,-83.61952
1541,16.496277
1542,15.999971
1543,10.424264
1544,-18.127865
1545,-35.229538
1546,-31.999933
1547,64.75707
1548,4.64012
1549,79.23333
1550,65.39533
1551,4.416526
1552,-3.2884498
1553,54.620625
1554,46.317192
1555,-110.95818
1556,-107.101326
1557,70.74799
1558,49.648506
1559,-100.60176
1560,-65.74562
1561,60.232555
1562,30.034443
1563,72.0738
1564,76.42038
1565,57.326996
1566,53.7923
1567,83.91364
1568,-129.26013
1569,-130.35886
1570,80.35044
1571,-115.78873
1572,50.638382
1573,83.79221
1574,84.45059
1575,101.65304
1576,64.56622
1577,85.45753
1578,64.50602
1579,18.317646
1580,49.474308
1581,67.14544
1582,86.61095
1583,82.83731
1584,95.07145
1585,54.686535
1586,-126.55431
1587,-120.70063
1588,-66.03069
1589,34.223484
1590,81.52818
1591,93.84515
1592,85.14657
1593,99.13432
1594,82.47028
1595,95.88711
1596,80.19431
1597,66.70352
1598,86.91762
1599,78.53127
1600,88.0761
1601,82.35719
1602,91.91706
1603,96.47098
1604,85.43149
1605,69.8519
1606,52.20828
1607,96.29742
1608,70.666176
1609,65.34638
1610,87.54832
1611,84.686005
1612,75.69392
1613,84.75674
1614,81.103325
1615,55.81747
1616,-28.724098
1617,91.68782
1618,-75.58064
1619,90.08623
1620,63.444077
1621,84.76632
1622,93.45053
1623,26.794365
1624,87.338615
1625,-60.012722
1626,68.90916
1627,-42.57516
1628,69.46849
1629,45.191555
1630,64.340515
1631,63.799896
1632,64.468346
1633,92.19218
1634,96.27608
1635,88.53847
1636,85.71557
1637,87.293144
1638,94.3677
1639,88.38522
1640,70.931694
1641,74.73171
1642,74.53454
1643,81.48723
1644,75.13114
1645,74.99544
1646,56.497803
1647,78.580765
1648,-37.936108
1649,91.45679
1650,88.02014
1651,-29.862679
1652,78.33299
1653,72.888115
1654,64.47976
1655,-120.15765
1656,2.9458444
1657,15.952705
1658,-122.94792
1659,-63.995964
1660,-82.16942
1661,-79.94638
1662,32.61961
1663,-68.89466
1664,37.726006
1665,-39.249603
1666,59.816833
1667,88.43993
1668,92.367744
1669,78.02673
1670,70.557205
1671,74.62784
1672,86.73877
1673,-72.52087
1674,-72.104065
1675,-58.02113
1676,-55.60943
1677,94.84123
1678,90.33394
1679,-53.57776
1680,52.323124
1681,84.09845
1682,63.08611
1683,-59.775417
1684,77.61304
1685,97.07711
1686,89.67537
1687,105.522675
1688,91.7802
1689,83.28703
1690,77.192604
1691,82.42534
1692,35.771976
1693,13.551695
1694,34.481434
1695,-9.3683605
1696,-123.891075
1697,-1.9886979
1698,25.05425
1699,1.7953237
1700,59.93441
1701,63.544598
1702,91.17371
1703,52.847275
1704,91.28124
1705,83.51795
1706,76.84234
1707,87.09781
1708,83.03046
1709,88.3355
1710,98.7902
1711,92.71553
1712,81.3162
1713,80.6577
1714,67.730896
1715,78.806274
1716,98.88106
1717,111.51204
1718,97.95056
1719,103.9464
1720,80.113914
1721,95.4665
1722,98.70269
1723,77.2355
1724,87.960014
1725,16.670582
1726,52.91342
1727,82.16856
1728,78.69107
1729,93.38325
1730,58.89073
1731,46.761505
1732,45.74859
1733,79.376785
1734,40.18687
1735,81.301285
1736,50.357876
1737,43.986332
1738,94.80442
1739,87.40466
1740,80.90467
1741,54.51289
1742,73.88651
1743,54.403233
1744,78.52949
1745,79.40515
1746,94.656425
1747,104.26447
1748,100.87984
1749,104.02444
1750,100.66342
1751,91.86037
1752,93.40302
1753,104.33321
1754,76.463005
1755,67.29197
1756,61.463978
1757,58.157482
1758,69.45522
1759,82.93346
1760,80.262115
1761,101.98881
1762,100.5442
1763,112.7809
1764,-16.832008
1765,92.10081
1766,98.34538
1767,100.66874
1768,96.84407
1769,-65.20955
1770,102.74396
1771,104.90038
1772,92.321724
1773,94.92972
1774,-79.58636
1775,-50.674072
1776,-73.83544
1777,-56.074303
1778,-50.069447
1779,93.943596
1780,102.61264
1781,83.67569
1782,101.91619
1783,87.40268
1784,87.73335
1785,-21.796783
1786,79.60434
1787,-60.67896
1788,88.07139
1789,108.88548
1790,104.28699
1791,-13.077454
1792,-37.047268
1793,105.23967
1794,-71.33191
1795,17.596333
1796,98.79109
1797,108.00627
1798,110.52862
1799,115.39442
1800,101.462746
1801,92.23718
1802,90.02789
1803,100.033875
1804,99.56676
1805,109.370514
1806,99.1832
1807,117.903336
1808,102.30806
1809,115.12111
1810,-65.92406
1811,100.7745
1812,92.59291
1813,101.85966
1814,82.55652
1815,86.28188
1816,14.589086
1817,72.90351
1818,16.68174
1819,85.62799
1820,98.25601
1821,-46.128353
1822,67.989105
1823,75.731064
1824,90.485855
1825,64.99383
1826,59.57515
1827,84.51745
1828,85.31209
1829,-106.37815
1830,-54.96572
1831,-61.908203
1832,-70.70745
1833,-58.00926
1834,91.86327
1835,93.71997
1836,85.7943
1837,91.362045
1838,71.42247
1839,69.6419
1840,-98.960495
1841,76.5214
1842,-120.13024
1843,85.30468
1844,82.1784
1845,92.45492
1846,96.428764
1847,88.43441
1848,77.41932
1849,69.30081
1850,39.87862
1851,64.888954
1852,55.438267
1853,61.000904
1854,92.50115
1855,97.93988
1856,105.52775
1857,96.10984
1858,85.87537
1859,76.97007
1860,75.00312
1861,64.12454
1862,64.29799
1863,104.65957
1864,103.62523
1865,92.00734
1866,70.37328
1867,92.51156
1868,97.7772
1869,89.57492
1870,108.76433
1871,93.90575
1872,115.034485
1873,108.56564
1874,99.69772
1875,92.81384
1876,86.21162
1877,93.056114
1878,101.55967
1879,106.3024
1880,116.8693
1881,118.39443
1882,100.34495
1883,111.599525
1884,108.212105
1885,117.42687
1886,118.50117
1887,109.85078
1888,77.5521
1889,97.090546
1890,99.4916
1891,102.75206
1892,101.40332
1893,101.10277
1894,106.74767
1895,99.50415
1896,108.510864
1897,107.079346
1898,101.27032
1899,109.95884
1900,99.59439
1901,99.76928
1902,96.90487
1903,84.41597
1904,112.62985
1905,114.12216
1906,3.2971954
1907,115.27198
1908,113.24322
1909,1.4047754
1910,76.12662
1911,-8.727584
1912,-0.60720444
1913,56.738712
1914,-35.2611
1915,-85.94583
1916,-145.41368
1917,46.76106
1918,102.92053
1919,-59.79343
1920,96.7265
1921,94.44913
1922,102.08612
1923,90.320114
1924,83.57178
1925,70.571754
1926,69.459854
1927,65.23073
1928,67.14152
1929,66.877495
1930,86.271095
1931,87.99098
1932,95.24896
1933,96.72956
1934,105.9066
1935,74.796684
1936,92.89562
1937,-89.06386
1938,89.91599
1939,101.13014
1940,96.513016
1941,93.08249
1942,113.866486
1943,91.229485
1944,65.93108
1945,-118.10345
1946,69.992645
1947,72.52091
1948,101.61527
1949,103.47648
1950,108.97364
1951,99.77527
1952,106.09928
1953,112.96041
1954,107.98729
1955,98.88401
1956,89.91294
1957,98.69416
1958,101.063705
1959,92.7975
1960,55.796265
1961,-3.3406644
1962,59.72834
1963,66.122826
1964,75.79772
1965,69.7121
1966,75.84095
1967,76.096886
1968,89.14508
1969,81.501854
1970,84.649635
1971,-99.47946
1972,98.354225
1973,100.7279
1974,99.7912
1975,96.82105
1976,104.60669
1977,99.22405
1978,91.98005
1979,99.18214
1980,74.95027
1981,-19.04483
1982,82.11116
1983,35.02906
1984,49.42491
1985,56.366325
1986,68.29406
1987,107.66828
1988,106.17601
1989,107.7709
1990,101.95699
1991,113.82034
1992,105.22084
1993,111.85898
1994,106.75879
1995,-88.15189
1996,106.17635
1997,106.46461
1998,99.516174
1999,102.879395
2000,94.45396
2001,102.92412
2002,98.51505
2003,110.21891
2004,105.30042
2005,-38.37244
2006,-72.22482
2007,-102.18066
2008,113.01142
2009,115.35211
2010,109.77827
2011,106.464096
2012,102.30994
2013,94.811195
2014,92.974266
2015,87.45401
2016,98.41065
2017,95.78195
2018,108.41412
2019,108.87598
2020,114.119705
2021,114.14388
2022,117.32862
2023,112.18118
2024,115.10447
2025,118.51392
2026,117.629845
2027,112.88259
2028,112.47621
2029,113.67439
2030,108.31057
2031,116.80994
2032,118.76518
2033,109.97842
2034,106.02516
2035,94.85661
2036,95.22446
2037,97.678795
2038,95.10065
2039,110.40817
2040,107.23366
2041,106.47536
2042,111.1142
2043,112.485275
2044,108.784134
2045,89.25278
2046,118.51318
2047,121.73911
2048,122.376816
2049,124.36735
2050,126.86302
2051,117.4052
2052,121.811104
2053,104.93063
2054,110.420715
2055,114.86295
2056,114.458176
2057,115.37794
2058,120.74083
2059,101.37753
2060,110.81371
2061,112.92466
2062,96.83009
2063,110.833435
2064,125.41598
2065,-9.135918
2066,4.0961227
2067,-22.303833
2068,-74.64504
2069,103.39442
2070,104.11368
2071,113.944595
2072,101.77202
2073,103.85572
2074,111.78984
2075,-102.096344
2076,-73.11242
2077,-12.341972
2078,-27.968292
2079,118.03383
2080,112.74161
2081,101.48424
2082,97.37822
2083,94.5798
2084,105.20113
2085,110.27489
2086,105.91366
2087,121.292984
2088,122.46271
2089,119.184586
2090,108.765785
2091,112.83837
2092,111.55745
2093,106.64988
2094,110.19431
2095,112.37926
2096,114.51729
2097,118.79667
2098,113.69649
2099,114.05325
2100,105.07218
2101,113.53041
2102,113.58343
2103,105.703156
2104,116.95683
2105,-23.294983
2106,-71.615395
2107,115.616196
2108,85.493355
2109,103.93441
2110,-50.079136
2111,94.611115
2112,94.9848
2113,14.946837
2114,77.33513
2115,68.79655
2116,-7.028037
2117,-108.915115
2118,-122.48514
2119,-118.70193
2120,52.357937
2121,93.68537
2122,114.73075
2123,114.20002
2124,115.60309
2125,102.23594
2126,120.34969
2127,115.211365
2128,110.832565
2129,105.56582
2130,109.473495
2131,114.24201
2132,108.564476
2133,109.25525
2134,119.533104
2135,104.4489
2136,116.003525
2137,119.36836
2138,116.178986
2139,122.6782
2140,121.24258
2141,113.6813
2142,108.45724
2143,-25.097145
2144,106.48044
2145,102.5675
2146,118.51635
2147,112.021126
2148,102.599
2149,97.34771
2150,-94.1842
2151,-88.45827
2152,-89.69886
2153,-89.06148
2154,-47.23828
2155,-86.90457
2156,110.95126
2157,112.77524
2158,113.07428
2159,108.269775
2160,113.06689
2161,108.75253
2162,111.131195
2163,115.59928
2164,102.98381
2165,103.73322
2166,-20.900505
2167,-51.599052
2168,110.98816
2169,95.62079
2170,106.31947
2171,114.40326
2172,115.320366
2173,-37.627922
2174,-45.266567
2175,123.95137
2176,121.97419
2177,-68.02341
2178,115.047035
2179,125.00774
2180,110.48881
2181,112.715904
2182,117.52394
2183,120.34332
2184,136.36685
2185,135.14755
2186,122.25086
2187,133.55554
2188,130.29204
2189,125.59964
2190,117.5913
2191,-80.99569
2192,-94.530754
2193,-97.20829
2194,-81.21577
2195,-17.25145
2196,129.35657
2197,118.67935
2198,121.069534
2199,120.78011
2200,113.17831
2201,113.26512
2202,127.723305
2203,-27.35994
2204,125.37613
2205,118.90631
2206,122.551544
2207,121.82553
2208,125.47934
2209,115.21272
2210,116.40998
2211,102.714455
2212,113.94041
2213,-3.007866
2214,-2.8634262
2215,-43.258846
2216,133.99239
2217,131.13176
2218,122.49917
2219,119.69609
2220,114.693535
2221,114.69529
2222,113.96269
2223,115.96975
2224,117.85266
2225,122.41237
2226,116.035225
2227,129.61993
2228,-56.564896
2229,124.92542
2230,126.10104
2231,112.88972
2232,116.40616
2233,116.79973
2234,-27.135391
2235,123.30428
2236,120.73688
2237,120.43319
2238,124.98764
2239,120.645935
2240,131.89899
2241,-44.336422
2242,120.84176
2243,117.23987
2244,119.549225
2245,132.21675
2246,125.827705
2247,125.9049
2248,127.7069
2249,132.45778
2250,129.42941
2251,-58.778217
2252,-112.64963
2253,118.305756
2254,-99.2326
2255,123.77737
2256,122.10067
2257,119.88214
2258,116.18827
2259,113.9061
2260,121.34981
2261,130.91841
2262,128.13817
2263,134.68608
2264,-97.967606
2265,-61.715366
2266,-87.78649
2267,-29.17942
2268,-97.218864
2269,-93.07367
2270,-98.60479
2271,-107.288086
2272,-96.73166
2273,-102.07413
2274,114.98355
2275,-3.6660995
2276,118.05118
2277,127.19623
2278,-94.42885
2279,128.50809
2280,134.67403
2281,135.31136
2282,125.24715
2283,125.73318
2284,120.04925
2285,-65.49248
2286,-87.95535
2287,-40.19167
2288,-73.55291
2289,-91.80165
2290,-12.174484
2291,-97.634476
2292,-70.879616
2293,130.86484
2294,130.9695
2295,132.46515
2296,130.38881
2297,133.44641
2298,130.51799
2299,124.730225
2300,10.763405
2301,-44.865204
2302,-15.582161
2303,143.11078
2304,-78.66194
2305,-66.37561
2306,-65.6241
2307,-73.82816
2308,-58.54003
2309,-82.88713
2310,-38.758305
2311,-98.963875
2312,-55.416424
2313,-82.59148
2314,135.8432
2315,121.572876
2316,112.783195
2317,119.495415
2318,120.66517
2319,131.31813
2320,-18.917374
2321,135.64557
2322,132.46867
2323,-7.3003235
2324,118.73345
2325,104.07513
2326,116.04748
2327,-102.222755
2328,-67.9663
2329,137.89159
2330,-18.78955
2331,129.5236
2332,128.13116
2333,110.2993
2334,-89.05139
2335,122.76729
2336,137.2246
2337,22.7986
2338,-58.135956
2339,-74.21831
2340,-33.388626
2341,128.59924
2342,113.70058
2343,102.41648
2344,117.17011
2345,109.39967
2346,-103.71121
2347,-13.158821
2348,136.0598
2349,122.52214
2350,132.75288
2351,107.69688
2352,121.212425
2353,119.96324
2354,122.94763
2355,-104.232124
2356,124.96191
2357,-56.52526
2358,127.19522
2359,128.62625
2360,127.488754
2361,120.01472
2362,122.913956
2363,125.372116
2364,125.05932
2365,113.85895
2366,115.44746
2367,119.3498
2368,119.534225
2369,103.734604
2370,119.794464
2371,108.58589
2372,99.05878
2373,100.38347
2374,116.314
2375,111.04608
2376,126.15986
2377,127.60897
2378,128.07977
2379,125.03265
2380,124.14221
2381,121.90948
2382,126.053635
2383,113.07976
2384,125.7719
2385,111.68441
2386,108.67229
2387,113.56991
2388,-7.0505676
2389,122.604225
2390,112.67957
2391,106.5541
2392,106.12396
2393,127.235146
2394,12.773575
2395,-35.351067
2396,-36.175995
2397,-67.34206
2398,-87.78955
2399,-66.14967
2400,-71.302826
2401,128.68997
2402,9.376518
2403,-57.79947
2404,-86.56561
2405,-71.293594
2406,-50.83786
2407,-17.84488
2408,128.18312
2409,121.10636
2410,119.99281
2411,116.22804
2412,-13.167374
2413,-36.565865
2414,122.33117
2415,115.41239
2416,-19.928726
2417,119.52409
2418,133.70616
2419,-50.33041
2420,-30.264465
2421,124.75021
2422,124.577126
2423,120.59891
2424,123.927475
2425,129.92131
2426,126.542595
2427,116.27185
2428,105.18979
2429,97.99411
2430,107.44279
2431,117.49864
2432,-36.434196
2433,121.23302
2434,121.707565
2435,98.930374
2436,98.70037
2437,100.15943
2438,6.5361404
2439,133.42137
2440,129.70404
2441,128.34816
2442,117.05031
2443,113.564896
2444,107.61815
2445,102.14408
2446,101.106285
2447,108.615486
2448,111.594826
2449,122.19573
2450,126.69309
2451,127.36841
2452,117.84181
2453,111.32582
2454,118.09451
2455,106.81328
2456,116.92032
2457,-73.08516
2458,117.05139
2459,119.7606
2460,116.201324
2461,113.96868
2462,110.41869
2463,105.53654
2464,110.61455
2465,114.34471
2466,123.12328
2467,118.978165
2468,124.85167
2469,122.605804
2470,119.66117
2471,109.27993
2472,111.481186
2473,114.61852
2474,106.48536
2475,106.46376
2476,111.26981
2477,-24.733253
2478,121.57099
2479,115.232254
2480,102.6265
2481,101.599205
2482,115.267395
2483,115.73388
2484,127.97524
2485,-23.545113
2486,0.8182144
2487,135.0976
2488,129.32126
2489,121.77413
2490,129.39339
2491,125.20094
2492,121.911194
2493,126.37389
2494,128.97983
2495,121.5138
2496,121.829605
2497,125.16899
2498,-56.21765
2499,138.96675
2500,139.12051
2501,127.96487
2502,128.3074
2503,130.46709
2504,122.91645
2505,118.37691
2506,117.957985
2507,124.54763
2508,133.40027
2509,132.35037
2510,136.39258
2511,128.10942
2512,132.40462
2513,130.51425
2514,125.70968
2515,124.10191
2516,134.92812
2517,135.45605
2518,146.82047
2519,-55.261444
2520,-39.16767
2521,123.54722
2522,123.96107
2523,124.55493
2524,135.41618
2525,136.9093
2526,130.20483
2527,122.59609
2528,122.55159
2529,129.28853
2530,132.35728
2531,-42.252792
2532,-65.55077
2533,127.72194
2534,-54.44911
2535,119.45109
2536,132.93831
2537,-55.478573
2538,124.687675
2539,133.53069
2540,130.90997
2541,132.15112
2542,6.570198
2543,143.0429
2544,-39.992325
2545,-85.972626
2546,-6.984337
2547,135.72308
2548,-32.449585
2549,-69.84876
2550,125.19295
2551,-103.89617
2552,-54.968464
2553,-19.535553
2554,149.64372
2555,-82.2318
2556,141.63293
2557,131.86295
2558,-99.27363
2559,-45.982323
2560,140.66196
2561,-103.38056
2562,1.5497665
2563,-61.523056
2564,146.10966
2565,-16.8126
2566,138.83124
2567,137.17128
2568,-64.92761
2569,-35.606308
2570,-62.851646
2571,-63.047287
2572,-99.77786
2573,-100.00807
2574,-11.586998
2575,-99.53361
2576,-62.335983
2577,-83.40312
2578,-35.560677
2579,-108.5695
2580,-100.91507
2581,-98.19706
2582,-84.3588
2583,-101.29671
2584,-75.24739
2585,-68.36943
2586,-60.521343
2587,-107.67171
2588,-102.8869
2589,-94.5371
2590,-77.942154
2591,-103.513016
2592,-94.40786
2593,-37.147953
2594,-35.470535
2595,-91.89649
2596,-91.398895
2597,-104.39269
2598,-100.6435
2599,-106.507675
2600,-108.37326
2601,-110.041595
2602,-107.434044
2603,-106.06025
2604,-108.45737
2605,-105.704765
2606,-97.25417
2607,-105.98492
2608,-104.95058
2609,-87.83125
2610,-104.73947
2611,-101.47037
2612,-104.15788
2613,-105.421364
2614,-107.37969
2615,-105.86894
2616,-101.18731
2617,-102.98607
2618,-101.72957
2619,-103.91772
2620,-108.159134
2621,-106.99065
2622,-104.52878
2623,-103.30976
2624,-104.778786
2625,-107.885704
2626,-105.66405
2627,-108.10706
2628,-27.980833
2629,-31.509096
2630,-111.40443
2631,-108.470566
2632,-106.63859
2633,-106.5046
2634,-105.54155
2635,-108.59567
2636,-110.1388
2637,-108.2013
2638,-106.76765
2639,-107.09303
2640,-120.61754
2641,-122.07698
2642,-122.16873
2643,-106.42667
2644,-110.063774
2645,-111.746414
2646,-120.76593
2647,-122.45408
2648,-125.118484
2649,-122.67492
2650,-112.175316
2651,-114.80847
2652,-124.45356
2653,-123.51359
2654,-121.14022
2655,-121.76617
2656,-123.40552
2657,-116.42897
2658,-116.40242
2659,-115.57741
2660,-121.75657
2661,-120.32335
2662,-118.16371
2663,-122.058395
2664,-119.616165
2665,-121.75405
2666,-122.478836
2667,-124.48128
2668,-123.319695
2669,-121.026474
2670,-121.71473
2671,-122.72163
2672,-120.09563
2673,-118.95645
2674,-120.43798
2675,-116.994484
2676,-116.934746
2677,-116.912865
2678,-115.05693
2679,-115.95891
2680,-111.88392
2681,-111.59033
2682,-114.993744
2683,-112.39784
2684,-111.90181
2685,-114.2867
2686,-113.37077
2687,-112.00737
2688,-111.974754
2689,-111.73959
2690,-116.292435
2691,-117.33571
2692,-116.057144
2693,-116.8504
2694,-114.05881
2695,-116.459755
2696,-116.51956
2697,-115.86244
2698,-113.995995
2699,-115.17449
2700,-114.287895
2701,-115.68778
2702,-117.06094
2703,-114.620316
2704,-112.00496
2705,-113.72154
2706,-115.11073
2707,-115.13089
2708,-114.00508
2709,-114.23847
2710,-114.033165
2711,-116.37673
2712,-116.97524
2713,-117.29712
2714,-118.29726
2715,-117.751144
2716,-116.62802
2717,-116.38597
2718,-118.61551
2719,-116.63807
2720,-116.46253
2721,-113.18752
2722,-115.196045
2723,-115.09734
2724,-121.55826
2725,-115.05807
2726,-114.99826
2727,-116.761154
2728,-114.14838
2729,-116.00958
2730,-115.65094
2731,-114.42086
2732,-112.6678
2733,-116.32764
2734,-116.323944
2735,-115.73414
2736,-115.18679
2737,-116.18038
2738,-115.34977
2739,-113.51676
2740,-113.77838
2741,-114.96171
2742,-113.92989
2743,-113.68656
2744,-115.43174
2745,-116.701584
2746,-115.88668
2747,-115.621704
2748,-113.470764
2749,-116.697495
2750,-114.65282
2751,-119.931274
2752,-115.830315
2753,-115.25011
2754,-114.95125
2755,-118.46828
2756,-114.25708
2757,-117.05359
2758,-118.85083
2759,-115.44454
2760,-116.64305
2761,-116.023056
2762,-120.393936
2763,-118.65589
2764,-118.580444
2765,-119.21142
2766,-119.35546
2767,-119.09452
2768,-117.5674
2769,-121.79839
2770,-115.69651
2771,-120.349365
2772,-115.17316
2773,-120.04438
2774,-120.68832
2775,-121.57055
2776,-115.48614
2777,-117.538895
2778,-115.90445
2779,-115.85346
2780,-118.11928
2781,-118.83646
2782,-114.7964
2783,-114.61213
2784,-115.4269
2785,-120.22304
2786,-115.52547
2787,-113.884254
2788,-115.21184
2789,-115.93164
2790,-114.82886
2791,-121.4751
2792,-112.225395
2793,-115.19274
2794,-116.25672
2795,-114.43316
2796,-113.875275
2797,-116.0508
2798,-116.27716
2799,-115.356804
2800,-117.540924
2801,-118.92125
2802,-112.750465
2803,-111.851746
2804,-116.37388
2805,-116.39325
2806,-106.34915
2807,-116.78526
2808,-114.66202
2809,-114.09177
2810,-113.354805
2811,-116.51853
2812,-116.13554
2813,-115.81237
2814,-114.109055
2815,-114.9229
2816,-114.811386
2817,-115.11176
2818,-115.04263
2819,-116.76035
2820,-118.11569
2821,-116.1691
2822,-113.5493
2823,-114.48775
2824,-113.507965
2825,-113.937256
2826,-115.998695
2827,-115.771805
2828,-115.30048
2829,-115.42373
2830,-115.63359
2831,-115.90304
2832,-115.731544
2833,-114.99945
2834,-114.28934
2835,-114.74138
2836,-115.95827
2837,-114.853035
2838,-115.99335
2839,-116.74878
2840,-115.27582
2841,-115.46773
2842,-115.82716
2843,-114.652245
2844,-115.3546
2845,-115.311966
2846,-114.370255
2847,-121.17787
2848,-121.10416
2849,-111.95281
2850,-119.51335
2851,-122.36491
2852,-123.25186
2853,-122.28796
2854,-122.43176
2855,-118.19673
2856,-120.05229
2857,-120.28844
2858,-120.68124
2859,-110.998825
2860,-117.67533
2861,-111.055664
2862,-112.17351
2863,-119.34567
2864,-120.17152
2865,-110.33573
2866,-110.927
2867,-109.47332
2868,-109.5789
2869,-110.38451
2870,-110.74012
2871,-112.229355
2872,-109.20024
2873,-109.00949
2874,-108.1486
2875,-105.2882
2876,-109.52379
2877,-107.472
2878,-33.68214
2879,-105.32998
2880,-104.741425
2881,-106.75729
2882,-107.10121
2883,-110.54482
2884,-111.10887
2885,-105.45821
2886,-101.21511
2887,-107.155014
2888,-119.38313
2889,-129.90694
2890,-102.668396
2891,-145.83482
2892,-111.34031
2893,-47.46789
2894,-113.38071
2895,-109.37268
2896,-35.907925
2897,-47.02724
2898,-45.57689
2899,-41.960083
2900,-110.074425
2901,-19.864376
2902,-23.286247
2903,-26.36683
2904,-128.52956
2905,-130.05464
2906,-123.22556
2907,-127.03
2908,-21.931904
2909,-118.43763
2910,-25.181982
2911,-18.734695
2912,-16.843176
2913,-13.813012
2914,-118.321335
2915,-114.27513
2916,-27.612803
2917,-29.424824
2918,-113.68085
2919,-112.78788
2920,-103.99839
2921,-116.70406
2922,-106.28772
2923,-113.582275
2924,-105.4891
2925,-103.033646
2926,-107.93117
2927,-119.69857
2928,-40.706127
2929,-107.67582
2930,-106.44578
2931,-119.52647
2932,-109.170525
2933,-107.94668
2934,-105.54486
2935,-107.20071
2936,-107.59717
2937,-107.266914
2938,-106.97402
2939,-107.562836
2940,-106.959335
2941,-107.354065
2942,-108.327126
2943,-105.07468
2944,-105.59449
2945,-107.40967
2946,-106.739334
2947,-107.60667
2948,-107.56858
2949,-107.55132
2950,-105.69791
2951,-109.23332
2952,-114.981255
2953,-112.71292
2954,-121.643715
2955,-106.30732
2956,-109.70996
2957,-109.70218
2958,-109.68008
2959,-118.403786
2960,-110.4549
2961,-112.63275
2962,-113.14081
2963,-121.745636
2964,-114.160324
2965,-118.253914
2966,-115.67299
2967,-123.94914
2968,-122.85513
2969,-121.759476
2970,-121.065575
2971,-108.760284
2972,-118.264046
2973,-119.451065
2974,-120.989525
2975,-114.12068
2976,-120.47444
2977,-119.993004
2978,-114.26785
2979,-121.594124
2980,-121.859795
2981,-118.7108
2982,-116.797745
2983,-112.01413
2984,-115.038155
2985,-113.5595
2986,-115.46025
2987,-114.04829
2988,-113.209915
2989,-121.64521
2990,-112.38744
2991,-112.42646
2992,-114.979355
2993,-113.62029
2994,-114.813675
2995,-116.31119
2996,-116.75278
2997,-120.42218
2998,-113.57751
2999,-108.46811
